"2015-01-01 00:00:00",8.899
"2015-01-01 00:15:00",8.87
"2015-01-01 00:30:00",9.053
"2015-01-01 00:45:00",8.746
"2015-01-01 01:00:00",8.688
"2015-01-01 01:15:00",9.062
"2015-01-01 01:30:00",9.005
"2015-01-01 01:45:00",8.698
"2015-01-01 02:00:00",8.784
"2015-01-01 02:15:00",9.274
"2015-01-01 02:30:00",8.842
"2015-01-01 02:45:00",8.822
"2015-01-01 03:00:00",8.966
"2015-01-01 03:15:00",9.072
"2015-01-01 03:30:00",8.87
"2015-01-01 03:45:00",8.746
"2015-01-01 04:00:00",8.842
"2015-01-01 04:15:00",8.899
"2015-01-01 04:30:00",8.899
"2015-01-01 04:45:00",8.918
"2015-01-01 05:00:00",8.928
"2015-01-01 05:15:00",8.995
"2015-01-01 05:30:00",9.101
"2015-01-01 05:45:00",8.746
"2015-01-01 06:00:00",8.813
"2015-01-01 06:15:00",8.64
"2015-01-01 06:30:00",8.986
"2015-01-01 06:45:00",8.765
"2015-01-01 07:00:00",8.63
"2015-01-01 07:15:00",8.966
"2015-01-01 07:30:00",8.621
"2015-01-01 07:45:00",8.995
"2015-01-01 08:00:00",8.88
"2015-01-01 08:15:00",8.486
"2015-01-01 08:30:00",8.65
"2015-01-01 08:45:00",8.909
"2015-01-01 09:00:00",8.966
"2015-01-01 09:15:00",8.506
"2015-01-01 09:30:00",8.803
"2015-01-01 09:45:00",8.698
"2015-01-01 10:00:00",8.64
"2015-01-01 10:15:00",9.062
"2015-01-01 10:30:00",8.544
"2015-01-01 10:45:00",8.678
"2015-01-01 11:00:00",8.64
"2015-01-01 11:15:00",8.851
"2015-01-01 11:30:00",8.822
"2015-01-01 11:45:00",8.707
"2015-01-01 12:00:00",8.746
"2015-01-01 12:15:00",8.851
"2015-01-01 12:30:00",8.726
"2015-01-01 12:45:00",8.746
"2015-01-01 13:00:00",8.726
"2015-01-01 13:15:00",8.909
"2015-01-01 13:30:00",8.621
"2015-01-01 13:45:00",8.976
"2015-01-01 14:00:00",8.611
"2015-01-01 14:15:00",8.89
"2015-01-01 14:30:00",8.861
"2015-01-01 14:45:00",8.621
"2015-01-01 15:00:00",8.563
"2015-01-01 15:15:00",8.928
"2015-01-01 15:30:00",8.765
"2015-01-01 15:45:00",8.678
"2015-01-01 16:00:00",8.659
"2015-01-01 16:15:00",8.688
"2015-01-01 16:30:00",8.64
"2015-01-01 16:45:00",8.698
"2015-01-01 17:00:00",9.11
"2015-01-01 17:15:00",8.755
"2015-01-01 17:30:00",8.63
"2015-01-01 17:45:00",8.726
"2015-01-01 18:00:00",9.005
"2015-01-01 18:15:00",8.698
"2015-01-01 18:30:00",8.688
"2015-01-01 18:45:00",9.254
"2015-01-01 19:00:00",8.746
"2015-01-01 19:15:00",8.822
"2015-01-01 19:30:00",9.053
"2015-01-01 19:45:00",9.197
"2015-01-01 20:00:00",8.659
"2015-01-01 20:15:00",8.669
"2015-01-01 20:30:00",8.822
"2015-01-01 20:45:00",9.072
"2015-01-01 21:00:00",8.784
"2015-01-01 21:15:00",8.813
"2015-01-01 21:30:00",8.851
"2015-01-01 21:45:00",8.774
"2015-01-01 22:00:00",9.062
"2015-01-01 22:15:00",8.784
"2015-01-01 22:30:00",8.659
"2015-01-01 22:45:00",8.63
"2015-01-01 23:00:00",8.707
"2015-01-01 23:15:00",8.89
"2015-01-01 23:30:00",8.659
"2015-01-01 23:45:00",8.707
"2015-01-02 00:00:00",8.621
"2015-01-02 00:15:00",8.784
"2015-01-02 00:30:00",8.861
"2015-01-02 00:45:00",8.554
"2015-01-02 01:00:00",9.11
"2015-01-02 01:15:00",8.63
"2015-01-02 01:30:00",8.64
"2015-01-02 01:45:00",8.957
"2015-01-02 02:00:00",8.525
"2015-01-02 02:15:00",8.803
"2015-01-02 02:30:00",8.755
"2015-01-02 02:45:00",8.832
"2015-01-02 03:00:00",9.418
"2015-01-02 03:15:00",8.966
"2015-01-02 03:30:00",8.746
"2015-01-02 03:45:00",8.803
"2015-01-02 04:00:00",8.947
"2015-01-02 04:15:00",8.688
"2015-01-02 04:30:00",8.794
"2015-01-02 04:45:00",8.784
"2015-01-02 05:00:00",8.64
"2015-01-02 05:15:00",9.062
"2015-01-02 05:30:00",8.832
"2015-01-02 05:45:00",8.794
"2015-01-02 06:00:00",8.755
"2015-01-02 06:15:00",8.726
"2015-01-02 06:30:00",8.803
"2015-01-02 06:45:00",8.842
"2015-01-02 07:00:00",8.678
"2015-01-02 07:15:00",8.707
"2015-01-02 07:30:00",8.678
"2015-01-02 07:45:00",8.698
"2015-01-02 08:00:00",8.669
"2015-01-02 08:15:00",8.784
"2015-01-02 08:30:00",8.774
"2015-01-02 08:45:00",8.592
"2015-01-02 09:00:00",8.717
"2015-01-02 09:15:00",8.813
"2015-01-02 09:30:00",8.582
"2015-01-02 09:45:00",8.65
"2015-01-02 10:00:00",9.13
"2015-01-02 10:15:00",8.707
"2015-01-02 10:30:00",8.851
"2015-01-02 10:45:00",8.573
"2015-01-02 11:00:00",8.678
"2015-01-02 11:15:00",8.582
"2015-01-02 11:30:00",9.024
"2015-01-02 11:45:00",10.886
"2015-01-02 12:00:00",11.885
"2015-01-02 12:15:00",11.242
"2015-01-02 12:30:00",11.347
"2015-01-02 12:45:00",10.877
"2015-01-02 13:00:00",11.242
"2015-01-02 13:15:00",10.138
"2015-01-02 13:30:00",9.6
"2015-01-02 13:45:00",9.168
"2015-01-02 14:00:00",9.149
"2015-01-02 14:15:00",8.957
"2015-01-02 14:30:00",8.938
"2015-01-02 14:45:00",9.235
"2015-01-02 15:00:00",8.928
"2015-01-02 15:15:00",8.736
"2015-01-02 15:30:00",8.506
"2015-01-02 15:45:00",8.822
"2015-01-02 16:00:00",8.928
"2015-01-02 16:15:00",8.669
"2015-01-02 16:30:00",8.621
"2015-01-02 16:45:00",8.88
"2015-01-02 17:00:00",8.794
"2015-01-02 17:15:00",8.938
"2015-01-02 17:30:00",9.245
"2015-01-02 17:45:00",8.707
"2015-01-02 18:00:00",8.707
"2015-01-02 18:15:00",9.11
"2015-01-02 18:30:00",8.688
"2015-01-02 18:45:00",8.909
"2015-01-02 19:00:00",8.755
"2015-01-02 19:15:00",9.178
"2015-01-02 19:30:00",9.043
"2015-01-02 19:45:00",9.187
"2015-01-02 20:00:00",8.794
"2015-01-02 20:15:00",8.813
"2015-01-02 20:30:00",8.707
"2015-01-02 20:45:00",8.592
"2015-01-02 21:00:00",9.014
"2015-01-02 21:15:00",8.678
"2015-01-02 21:30:00",8.755
"2015-01-02 21:45:00",9.053
"2015-01-02 22:00:00",8.765
"2015-01-02 22:15:00",9.034
"2015-01-02 22:30:00",8.813
"2015-01-02 22:45:00",8.803
"2015-01-02 23:00:00",8.851
"2015-01-02 23:15:00",8.63
"2015-01-02 23:30:00",9.005
"2015-01-02 23:45:00",8.688
"2015-01-03 00:00:00",8.803
"2015-01-03 00:15:00",8.851
"2015-01-03 00:30:00",8.87
"2015-01-03 00:45:00",8.717
"2015-01-03 01:00:00",8.87
"2015-01-03 01:15:00",8.986
"2015-01-03 01:30:00",9.005
"2015-01-03 01:45:00",8.736
"2015-01-03 02:00:00",8.621
"2015-01-03 02:15:00",8.813
"2015-01-03 02:30:00",8.918
"2015-01-03 02:45:00",9.072
"2015-01-03 03:00:00",9.053
"2015-01-03 03:15:00",8.87
"2015-01-03 03:30:00",8.765
"2015-01-03 03:45:00",8.688
"2015-01-03 04:00:00",8.746
"2015-01-03 04:15:00",8.861
"2015-01-03 04:30:00",8.746
"2015-01-03 04:45:00",8.842
"2015-01-03 05:00:00",8.592
"2015-01-03 05:15:00",9.053
"2015-01-03 05:30:00",8.794
"2015-01-03 05:45:00",8.851
"2015-01-03 06:00:00",8.534
"2015-01-03 06:15:00",8.803
"2015-01-03 06:30:00",8.678
"2015-01-03 06:45:00",8.678
"2015-01-03 07:00:00",8.976
"2015-01-03 07:15:00",8.736
"2015-01-03 07:30:00",8.966
"2015-01-03 07:45:00",8.813
"2015-01-03 08:00:00",8.794
"2015-01-03 08:15:00",8.63
"2015-01-03 08:30:00",8.774
"2015-01-03 08:45:00",8.813
"2015-01-03 09:00:00",8.726
"2015-01-03 09:15:00",8.669
"2015-01-03 09:30:00",8.525
"2015-01-03 09:45:00",8.515
"2015-01-03 10:00:00",9.149
"2015-01-03 10:15:00",8.957
"2015-01-03 10:30:00",8.88
"2015-01-03 10:45:00",8.659
"2015-01-03 11:00:00",8.976
"2015-01-03 11:15:00",8.89
"2015-01-03 11:30:00",8.688
"2015-01-03 11:45:00",8.688
"2015-01-03 12:00:00",9.168
"2015-01-03 12:15:00",8.544
"2015-01-03 12:30:00",8.909
"2015-01-03 12:45:00",9.216
"2015-01-03 13:00:00",8.832
"2015-01-03 13:15:00",8.755
"2015-01-03 13:30:00",9.091
"2015-01-03 13:45:00",8.995
"2015-01-03 14:00:00",8.765
"2015-01-03 14:15:00",8.851
"2015-01-03 14:30:00",9.427
"2015-01-03 14:45:00",8.995
"2015-01-03 15:00:00",8.976
"2015-01-03 15:15:00",9.139
"2015-01-03 15:30:00",9.187
"2015-01-03 15:45:00",8.794
"2015-01-03 16:00:00",9.005
"2015-01-03 16:15:00",9.35
"2015-01-03 16:30:00",9.389
"2015-01-03 16:45:00",8.986
"2015-01-03 17:00:00",9.082
"2015-01-03 17:15:00",9.178
"2015-01-03 17:30:00",9.331
"2015-01-03 17:45:00",8.832
"2015-01-03 18:00:00",9.005
"2015-01-03 18:15:00",9.398
"2015-01-03 18:30:00",9.053
"2015-01-03 18:45:00",8.822
"2015-01-03 19:00:00",9.36
"2015-01-03 19:15:00",8.928
"2015-01-03 19:30:00",8.813
"2015-01-03 19:45:00",9.514
"2015-01-03 20:00:00",9.149
"2015-01-03 20:15:00",8.755
"2015-01-03 20:30:00",8.851
"2015-01-03 20:45:00",9.12
"2015-01-03 21:00:00",8.765
"2015-01-03 21:15:00",8.765
"2015-01-03 21:30:00",9.293
"2015-01-03 21:45:00",8.736
"2015-01-03 22:00:00",9.091
"2015-01-03 22:15:00",8.822
"2015-01-03 22:30:00",9.043
"2015-01-03 22:45:00",8.63
"2015-01-03 23:00:00",8.803
"2015-01-03 23:15:00",8.851
"2015-01-03 23:30:00",8.87
"2015-01-03 23:45:00",8.611
"2015-01-04 00:00:00",28.954
"2015-01-04 00:15:00",8.678
"2015-01-04 00:30:00",9.005
"2015-01-04 00:45:00",8.832
"2015-01-04 01:00:00",8.659
"2015-01-04 01:15:00",8.813
"2015-01-04 01:30:00",8.88
"2015-01-04 01:45:00",8.698
"2015-01-04 02:00:00",8.755
"2015-01-04 02:15:00",8.803
"2015-01-04 02:30:00",8.765
"2015-01-04 02:45:00",8.947
"2015-01-04 03:00:00",8.947
"2015-01-04 03:15:00",8.774
"2015-01-04 03:30:00",8.717
"2015-01-04 03:45:00",8.726
"2015-01-04 04:00:00",8.774
"2015-01-04 04:15:00",8.851
"2015-01-04 04:30:00",10.253
"2015-01-04 04:45:00",8.717
"2015-01-04 05:00:00",8.803
"2015-01-04 05:15:00",8.842
"2015-01-04 05:30:00",8.947
"2015-01-04 05:45:00",8.659
"2015-01-04 06:00:00",9.907
"2015-01-04 06:15:00",9.187
"2015-01-04 06:30:00",9.091
"2015-01-04 06:45:00",8.803
"2015-01-04 07:00:00",8.746
"2015-01-04 07:15:00",11.75
"2015-01-04 07:30:00",14.966
"2015-01-04 07:45:00",13.565
"2015-01-04 08:00:00",13.498
"2015-01-04 08:15:00",15.168
"2015-01-04 08:30:00",16.042
"2015-01-04 08:45:00",14.266
"2015-01-04 09:00:00",14.746
"2015-01-04 09:15:00",48.96
"2015-01-04 09:30:00",54.806
"2015-01-04 09:45:00",49.45
"2015-01-04 10:00:00",45.965
"2015-01-04 10:15:00",44.938
"2015-01-04 10:30:00",40.31
"2015-01-04 10:45:00",40.234
"2015-01-04 11:00:00",38.976
"2015-01-04 11:15:00",37.344
"2015-01-04 11:30:00",37.258
"2015-01-04 11:45:00",37.018
"2015-01-04 12:00:00",37.133
"2015-01-04 12:15:00",37.757
"2015-01-04 12:30:00",35.357
"2015-01-04 12:45:00",32.794
"2015-01-04 13:00:00",31.421
"2015-01-04 13:15:00",28.992
"2015-01-04 13:30:00",29.03
"2015-01-04 13:45:00",28.704
"2015-01-04 14:00:00",30.298
"2015-01-04 14:15:00",30.442
"2015-01-04 14:30:00",30.202
"2015-01-04 14:45:00",29.501
"2015-01-04 15:00:00",26.88
"2015-01-04 15:15:00",27.466
"2015-01-04 15:30:00",23.424
"2015-01-04 15:45:00",23.117
"2015-01-04 16:00:00",24.47
"2015-01-04 16:15:00",24.931
"2015-01-04 16:30:00",21.917
"2015-01-04 16:45:00",19.958
"2015-01-04 17:00:00",18.835
"2015-01-04 17:15:00",19.075
"2015-01-04 17:30:00",17.712
"2015-01-04 17:45:00",17.472
"2015-01-04 18:00:00",16.349
"2015-01-04 18:15:00",17.136
"2015-01-04 18:30:00",21.84
"2015-01-04 18:45:00",22.483
"2015-01-04 19:00:00",28.042
"2015-01-04 19:15:00",28.56
"2015-01-04 19:30:00",28.915
"2015-01-04 19:45:00",29.117
"2015-01-04 20:00:00",28.915
"2015-01-04 20:15:00",28.733
"2015-01-04 20:30:00",28.694
"2015-01-04 20:45:00",28.483
"2015-01-04 21:00:00",29.242
"2015-01-04 21:15:00",30.096
"2015-01-04 21:30:00",30.24
"2015-01-04 21:45:00",31.392
"2015-01-04 22:00:00",31.507
"2015-01-04 22:15:00",31.546
"2015-01-04 22:30:00",31.478
"2015-01-04 22:45:00",34.445
"2015-01-04 23:00:00",33.168
"2015-01-04 23:15:00",31.19
"2015-01-04 23:30:00",33.869
"2015-01-04 23:45:00",32.179
"2015-01-05 00:00:00",26.995
"2015-01-05 00:15:00",10.944
"2015-01-05 00:30:00",10.579
"2015-01-05 00:45:00",10.714
"2015-01-05 01:00:00",10.301
"2015-01-05 01:15:00",10.474
"2015-01-05 01:30:00",10.07
"2015-01-05 01:45:00",9.725
"2015-01-05 02:00:00",10.435
"2015-01-05 02:15:00",10.099
"2015-01-05 02:30:00",9.725
"2015-01-05 02:45:00",10.224
"2015-01-05 03:00:00",10.474
"2015-01-05 03:15:00",10.022
"2015-01-05 03:30:00",13.094
"2015-01-05 03:45:00",16.944
"2015-01-05 04:00:00",20.342
"2015-01-05 04:15:00",19.814
"2015-01-05 04:30:00",23.098
"2015-01-05 04:45:00",28.378
"2015-01-05 05:00:00",33.456
"2015-01-05 05:15:00",37.834
"2015-01-05 05:30:00",38.304
"2015-01-05 05:45:00",36.547
"2015-01-05 06:00:00",33.504
"2015-01-05 06:15:00",34.291
"2015-01-05 06:30:00",35.933
"2015-01-05 06:45:00",34.531
"2015-01-05 07:00:00",34.81
"2015-01-05 07:15:00",39.984
"2015-01-05 07:30:00",40.118
"2015-01-05 07:45:00",38.976
"2015-01-05 08:00:00",39.034
"2015-01-05 08:15:00",41.203
"2015-01-05 08:30:00",44.419
"2015-01-05 08:45:00",41.904
"2015-01-05 09:00:00",39.658
"2015-01-05 09:15:00",39.254
"2015-01-05 09:30:00",38.256
"2015-01-05 09:45:00",36.653
"2015-01-05 10:00:00",38.083
"2015-01-05 10:15:00",39.331
"2015-01-05 10:30:00",37.258
"2015-01-05 10:45:00",37.344
"2015-01-05 11:00:00",37.526
"2015-01-05 11:15:00",37.834
"2015-01-05 11:30:00",36.182
"2015-01-05 11:45:00",34.109
"2015-01-05 12:00:00",34.253
"2015-01-05 12:15:00",34.493
"2015-01-05 12:30:00",32.381
"2015-01-05 12:45:00",30.586
"2015-01-05 13:00:00",30.922
"2015-01-05 13:15:00",28.925
"2015-01-05 13:30:00",28.646
"2015-01-05 13:45:00",25.93
"2015-01-05 14:00:00",24.643
"2015-01-05 14:15:00",25.277
"2015-01-05 14:30:00",25.459
"2015-01-05 14:45:00",25.402
"2015-01-05 15:00:00",25.238
"2015-01-05 15:15:00",26.256
"2015-01-05 15:30:00",25.987
"2015-01-05 15:45:00",23.587
"2015-01-05 16:00:00",24.163
"2015-01-05 16:15:00",21.264
"2015-01-05 16:30:00",20.314
"2015-01-05 16:45:00",18.922
"2015-01-05 17:00:00",19.075
"2015-01-05 17:15:00",18.749
"2015-01-05 17:30:00",17.405
"2015-01-05 17:45:00",18.154
"2015-01-05 18:00:00",20.582
"2015-01-05 18:15:00",20.4
"2015-01-05 18:30:00",19.757
"2015-01-05 18:45:00",19.373
"2015-01-05 19:00:00",23.002
"2015-01-05 19:15:00",23.789
"2015-01-05 19:30:00",24.038
"2015-01-05 19:45:00",24.461
"2015-01-05 20:00:00",23.702
"2015-01-05 20:15:00",22.282
"2015-01-05 20:30:00",24.346
"2015-01-05 20:45:00",25.248
"2015-01-05 21:00:00",24.96
"2015-01-05 21:15:00",24.566
"2015-01-05 21:30:00",24.979
"2015-01-05 21:45:00",24.624
"2015-01-05 22:00:00",25.027
"2015-01-05 22:15:00",24.413
"2015-01-05 22:30:00",25.181
"2015-01-05 22:45:00",25.354
"2015-01-05 23:00:00",27.062
"2015-01-05 23:15:00",25.027
"2015-01-05 23:30:00",26.256
"2015-01-05 23:45:00",26.698
"2015-01-06 00:00:00",16.694
"2015-01-06 00:15:00",10.685
"2015-01-06 00:30:00",10.589
"2015-01-06 00:45:00",10.714
"2015-01-06 01:00:00",10.666
"2015-01-06 01:15:00",10.445
"2015-01-06 01:30:00",10.742
"2015-01-06 01:45:00",10.762
"2015-01-06 02:00:00",10.502
"2015-01-06 02:15:00",10.013
"2015-01-06 02:30:00",9.811
"2015-01-06 02:45:00",10.31
"2015-01-06 03:00:00",10.099
"2015-01-06 03:15:00",9.658
"2015-01-06 03:30:00",10.032
"2015-01-06 03:45:00",10.493
"2015-01-06 04:00:00",10.205
"2015-01-06 04:15:00",10.666
"2015-01-06 04:30:00",18.298
"2015-01-06 04:45:00",25.066
"2015-01-06 05:00:00",30.221
"2015-01-06 05:15:00",32.304
"2015-01-06 05:30:00",33.139
"2015-01-06 05:45:00",33.312
"2015-01-06 06:00:00",29.99
"2015-01-06 06:15:00",32.947
"2015-01-06 06:30:00",33.83
"2015-01-06 06:45:00",29.443
"2015-01-06 07:00:00",28.33
"2015-01-06 07:15:00",32.995
"2015-01-06 07:30:00",34.81
"2015-01-06 07:45:00",29.856
"2015-01-06 08:00:00",29.75
"2015-01-06 08:15:00",30.442
"2015-01-06 08:30:00",29.952
"2015-01-06 08:45:00",29.654
"2015-01-06 09:00:00",29.693
"2015-01-06 09:15:00",30.662
"2015-01-06 09:30:00",30.499
"2015-01-06 09:45:00",30.672
"2015-01-06 10:00:00",30.97
"2015-01-06 10:15:00",30.278
"2015-01-06 10:30:00",28.032
"2015-01-06 10:45:00",28.666
"2015-01-06 11:00:00",28.589
"2015-01-06 11:15:00",28.637
"2015-01-06 11:30:00",28.378
"2015-01-06 11:45:00",29.165
"2015-01-06 12:00:00",28.8
"2015-01-06 12:15:00",29.328
"2015-01-06 12:30:00",28.637
"2015-01-06 12:45:00",28.954
"2015-01-06 13:00:00",30.71
"2015-01-06 13:15:00",29.616
"2015-01-06 13:30:00",28.992
"2015-01-06 13:45:00",29.722
"2015-01-06 14:00:00",26.141
"2015-01-06 14:15:00",26.486
"2015-01-06 14:30:00",26.189
"2015-01-06 14:45:00",26.15
"2015-01-06 15:00:00",28.704
"2015-01-06 15:15:00",28.944
"2015-01-06 15:30:00",29.338
"2015-01-06 15:45:00",25.987
"2015-01-06 16:00:00",26.602
"2015-01-06 16:15:00",23.366
"2015-01-06 16:30:00",19.306
"2015-01-06 16:45:00",20.928
"2015-01-06 17:00:00",21.494
"2015-01-06 17:15:00",21.792
"2015-01-06 17:30:00",21.84
"2015-01-06 17:45:00",21.744
"2015-01-06 18:00:00",21.062
"2015-01-06 18:15:00",20.342
"2015-01-06 18:30:00",20.688
"2015-01-06 18:45:00",18.019
"2015-01-06 19:00:00",18.192
"2015-01-06 19:15:00",20.957
"2015-01-06 19:30:00",21.581
"2015-01-06 19:45:00",21.312
"2015-01-06 20:00:00",21.005
"2015-01-06 20:15:00",20.342
"2015-01-06 20:30:00",19.699
"2015-01-06 20:45:00",19.584
"2015-01-06 21:00:00",18.797
"2015-01-06 21:15:00",18.557
"2015-01-06 21:30:00",16.646
"2015-01-06 21:45:00",15.974
"2015-01-06 22:00:00",18.739
"2015-01-06 22:15:00",18.749
"2015-01-06 22:30:00",18.931
"2015-01-06 22:45:00",19.152
"2015-01-06 23:00:00",19.325
"2015-01-06 23:15:00",17.981
"2015-01-06 23:30:00",18.95
"2015-01-06 23:45:00",19.123
"2015-01-07 00:00:00",18.202
"2015-01-07 00:15:00",11.155
"2015-01-07 00:30:00",10.915
"2015-01-07 00:45:00",10.714
"2015-01-07 01:00:00",10.8
"2015-01-07 01:15:00",10.8
"2015-01-07 01:30:00",10.944
"2015-01-07 01:45:00",10.8
"2015-01-07 02:00:00",10.838
"2015-01-07 02:15:00",10.733
"2015-01-07 02:30:00",10.906
"2015-01-07 02:45:00",10.963
"2015-01-07 03:00:00",10.8
"2015-01-07 03:15:00",10.8
"2015-01-07 03:30:00",10.838
"2015-01-07 03:45:00",10.752
"2015-01-07 04:00:00",10.886
"2015-01-07 04:15:00",10.848
"2015-01-07 04:30:00",10.723
"2015-01-07 04:45:00",13.709
"2015-01-07 05:00:00",17.213
"2015-01-07 05:15:00",20.429
"2015-01-07 05:30:00",22.128
"2015-01-07 05:45:00",21.802
"2015-01-07 06:00:00",21.792
"2015-01-07 06:15:00",22.138
"2015-01-07 06:30:00",21.888
"2015-01-07 06:45:00",18.749
"2015-01-07 07:00:00",18.24
"2015-01-07 07:15:00",18.528
"2015-01-07 07:30:00",24.653
"2015-01-07 07:45:00",23.962
"2015-01-07 08:00:00",23.405
"2015-01-07 08:15:00",23.395
"2015-01-07 08:30:00",23.99
"2015-01-07 08:45:00",22.675
"2015-01-07 09:00:00",21.466
"2015-01-07 09:15:00",21.312
"2015-01-07 09:30:00",21.706
"2015-01-07 09:45:00",25.69
"2015-01-07 10:00:00",25.325
"2015-01-07 10:15:00",24.662
"2015-01-07 10:30:00",21.61
"2015-01-07 10:45:00",22.656
"2015-01-07 11:00:00",22.589
"2015-01-07 11:15:00",22.57
"2015-01-07 11:30:00",22.752
"2015-01-07 11:45:00",22.483
"2015-01-07 12:00:00",22.205
"2015-01-07 12:15:00",21.13
"2015-01-07 12:30:00",19.997
"2015-01-07 12:45:00",20.141
"2015-01-07 13:00:00",19.67
"2015-01-07 13:15:00",19.19
"2015-01-07 13:30:00",19.93
"2015-01-07 13:45:00",19.661
"2015-01-07 14:00:00",20.851
"2015-01-07 14:15:00",20.87
"2015-01-07 14:30:00",21.514
"2015-01-07 14:45:00",22.166
"2015-01-07 15:00:00",22.406
"2015-01-07 15:15:00",21.226
"2015-01-07 15:30:00",20.429
"2015-01-07 15:45:00",20.957
"2015-01-07 16:00:00",24.086
"2015-01-07 16:15:00",21.965
"2015-01-07 16:30:00",19.238
"2015-01-07 16:45:00",18.72
"2015-01-07 17:00:00",18.931
"2015-01-07 17:15:00",17.117
"2015-01-07 17:30:00",16.56
"2015-01-07 17:45:00",15.158
"2015-01-07 18:00:00",14.179
"2015-01-07 18:15:00",13.699
"2015-01-07 18:30:00",13.872
"2015-01-07 18:45:00",12.998
"2015-01-07 19:00:00",13.373
"2015-01-07 19:15:00",14.534
"2015-01-07 19:30:00",14.515
"2015-01-07 19:45:00",13.939
"2015-01-07 20:00:00",14.467
"2015-01-07 20:15:00",15.206
"2015-01-07 20:30:00",13.622
"2015-01-07 20:45:00",15.802
"2015-01-07 21:00:00",18.768
"2015-01-07 21:15:00",19.507
"2015-01-07 21:30:00",16.618
"2015-01-07 21:45:00",15.571
"2015-01-07 22:00:00",15.341
"2015-01-07 22:15:00",16.147
"2015-01-07 22:30:00",19.133
"2015-01-07 22:45:00",19.152
"2015-01-07 23:00:00",18.797
"2015-01-07 23:15:00",15.504
"2015-01-07 23:30:00",15.686
"2015-01-07 23:45:00",16.81
"2015-01-08 00:00:00",14.717
"2015-01-08 00:15:00",10.858
"2015-01-08 00:30:00",10.848
"2015-01-08 00:45:00",10.867
"2015-01-08 01:00:00",10.963
"2015-01-08 01:15:00",10.963
"2015-01-08 01:30:00",10.742
"2015-01-08 01:45:00",11.03
"2015-01-08 02:00:00",10.944
"2015-01-08 02:15:00",10.829
"2015-01-08 02:30:00",10.771
"2015-01-08 02:45:00",10.8
"2015-01-08 03:00:00",10.944
"2015-01-08 03:15:00",11.011
"2015-01-08 03:30:00",10.79
"2015-01-08 03:45:00",11.05
"2015-01-08 04:00:00",11.002
"2015-01-08 04:15:00",11.011
"2015-01-08 04:30:00",12.211
"2015-01-08 04:45:00",14.141
"2015-01-08 05:00:00",19.69
"2015-01-08 05:15:00",23.952
"2015-01-08 05:30:00",24.682
"2015-01-08 05:45:00",26.352
"2015-01-08 06:00:00",24.672
"2015-01-08 06:15:00",22.042
"2015-01-08 06:30:00",19.594
"2015-01-08 06:45:00",18.816
"2015-01-08 07:00:00",18.778
"2015-01-08 07:15:00",20.822
"2015-01-08 07:30:00",22.387
"2015-01-08 07:45:00",22.925
"2015-01-08 08:00:00",23.395
"2015-01-08 08:15:00",23.693
"2015-01-08 08:30:00",23.76
"2015-01-08 08:45:00",23.75
"2015-01-08 09:00:00",23.27
"2015-01-08 09:15:00",21.514
"2015-01-08 09:30:00",21.926
"2015-01-08 09:45:00",21.37
"2015-01-08 10:00:00",21.946
"2015-01-08 10:15:00",23.52
"2015-01-08 10:30:00",25.133
"2015-01-08 10:45:00",23.741
"2015-01-08 11:00:00",23.136
"2015-01-08 11:15:00",22.57
"2015-01-08 11:30:00",22.598
"2015-01-08 11:45:00",22.349
"2015-01-08 12:00:00",23.328
"2015-01-08 12:15:00",21.158
"2015-01-08 12:30:00",20.112
"2015-01-08 12:45:00",19.92
"2015-01-08 13:00:00",20.554
"2015-01-08 13:15:00",21.35
"2015-01-08 13:30:00",19.517
"2015-01-08 13:45:00",18.864
"2015-01-08 14:00:00",19.642
"2015-01-08 14:15:00",20.131
"2015-01-08 14:30:00",20.89
"2015-01-08 14:45:00",20.957
"2015-01-08 15:00:00",21.686
"2015-01-08 15:15:00",21.523
"2015-01-08 15:30:00",20.314
"2015-01-08 15:45:00",20.419
"2015-01-08 16:00:00",19.824
"2015-01-08 16:15:00",18.125
"2015-01-08 16:30:00",18.192
"2015-01-08 16:45:00",16.752
"2015-01-08 17:00:00",14.794
"2015-01-08 17:15:00",14.861
"2015-01-08 17:30:00",15.331
"2015-01-08 17:45:00",14.15
"2015-01-08 18:00:00",13.718
"2015-01-08 18:15:00",14.678
"2015-01-08 18:30:00",13.632
"2015-01-08 18:45:00",13.642
"2015-01-08 19:00:00",13.296
"2015-01-08 19:15:00",13.43
"2015-01-08 19:30:00",13.814
"2015-01-08 19:45:00",14.141
"2015-01-08 20:00:00",14.371
"2015-01-08 20:15:00",13.402
"2015-01-08 20:30:00",13.699
"2015-01-08 20:45:00",15.61
"2015-01-08 21:00:00",15.466
"2015-01-08 21:15:00",15.974
"2015-01-08 21:30:00",13.718
"2015-01-08 21:45:00",11.818
"2015-01-08 22:00:00",12.25
"2015-01-08 22:15:00",12.374
"2015-01-08 22:30:00",14.294
"2015-01-08 22:45:00",14.323
"2015-01-08 23:00:00",15.274
"2015-01-08 23:15:00",15.091
"2015-01-08 23:30:00",14.515
"2015-01-08 23:45:00",14.256
"2015-01-09 00:00:00",25.594
"2015-01-09 00:15:00",10.099
"2015-01-09 00:30:00",9.946
"2015-01-09 00:45:00",9.984
"2015-01-09 01:00:00",9.994
"2015-01-09 01:15:00",9.83
"2015-01-09 01:30:00",9.85
"2015-01-09 01:45:00",9.974
"2015-01-09 02:00:00",9.965
"2015-01-09 02:15:00",9.878
"2015-01-09 02:30:00",9.83
"2015-01-09 02:45:00",9.83
"2015-01-09 03:00:00",9.802
"2015-01-09 03:15:00",10.109
"2015-01-09 03:30:00",9.773
"2015-01-09 03:45:00",9.878
"2015-01-09 04:00:00",9.859
"2015-01-09 04:15:00",9.84
"2015-01-09 04:30:00",9.734
"2015-01-09 04:45:00",10.09
"2015-01-09 05:00:00",14.65
"2015-01-09 05:15:00",17.962
"2015-01-09 05:30:00",18.086
"2015-01-09 05:45:00",17.597
"2015-01-09 06:00:00",18.221
"2015-01-09 06:15:00",20.813
"2015-01-09 06:30:00",20.573
"2015-01-09 06:45:00",20.774
"2015-01-09 07:00:00",20.909
"2015-01-09 07:15:00",18
"2015-01-09 07:30:00",19.469
"2015-01-09 07:45:00",20.765
"2015-01-09 08:00:00",20.88
"2015-01-09 08:15:00",20.918
"2015-01-09 08:30:00",20.88
"2015-01-09 08:45:00",20.381
"2015-01-09 09:00:00",20.746
"2015-01-09 09:15:00",21.168
"2015-01-09 09:30:00",20.4
"2015-01-09 09:45:00",20.534
"2015-01-09 10:00:00",21.091
"2015-01-09 10:15:00",20.726
"2015-01-09 10:30:00",20.784
"2015-01-09 10:45:00",20.774
"2015-01-09 11:00:00",20.688
"2015-01-09 11:15:00",21.322
"2015-01-09 11:30:00",19.987
"2015-01-09 11:45:00",14.707
"2015-01-09 12:00:00",14.813
"2015-01-09 12:15:00",17.904
"2015-01-09 12:30:00",17.731
"2015-01-09 12:45:00",17.626
"2015-01-09 13:00:00",15.158
"2015-01-09 13:15:00",14.448
"2015-01-09 13:30:00",14.774
"2015-01-09 13:45:00",14.659
"2015-01-09 14:00:00",17.434
"2015-01-09 14:15:00",18.106
"2015-01-09 14:30:00",16.531
"2015-01-09 14:45:00",13.709
"2015-01-09 15:00:00",14.112
"2015-01-09 15:15:00",14.41
"2015-01-09 15:30:00",17.03
"2015-01-09 15:45:00",17.27
"2015-01-09 16:00:00",17.712
"2015-01-09 16:15:00",18.374
"2015-01-09 16:30:00",20.016
"2015-01-09 16:45:00",20.794
"2015-01-09 17:00:00",20.918
"2015-01-09 17:15:00",22.493
"2015-01-09 17:30:00",24.106
"2015-01-09 17:45:00",24.48
"2015-01-09 18:00:00",24.067
"2015-01-09 18:15:00",23.472
"2015-01-09 18:30:00",24.144
"2015-01-09 18:45:00",26.304
"2015-01-09 19:00:00",26.861
"2015-01-09 19:15:00",27.331
"2015-01-09 19:30:00",27.715
"2015-01-09 19:45:00",26.602
"2015-01-09 20:00:00",26.63
"2015-01-09 20:15:00",27.437
"2015-01-09 20:30:00",26.861
"2015-01-09 20:45:00",26.909
"2015-01-09 21:00:00",27.59
"2015-01-09 21:15:00",27.379
"2015-01-09 21:30:00",26.88
"2015-01-09 21:45:00",27.331
"2015-01-09 22:00:00",30.902
"2015-01-09 22:15:00",29.107
"2015-01-09 22:30:00",27.312
"2015-01-09 22:45:00",28.934
"2015-01-09 23:00:00",28.848
"2015-01-09 23:15:00",27.053
"2015-01-09 23:30:00",30.307
"2015-01-09 23:45:00",31.603
"2015-01-10 00:00:00",31.104
"2015-01-10 00:15:00",9.59
"2015-01-10 00:30:00",9.811
"2015-01-10 00:45:00",9.6
"2015-01-10 01:00:00",9.686
"2015-01-10 01:15:00",9.475
"2015-01-10 01:30:00",9.293
"2015-01-10 01:45:00",9.456
"2015-01-10 02:00:00",9.408
"2015-01-10 02:15:00",9.408
"2015-01-10 02:30:00",9.12
"2015-01-10 02:45:00",9.581
"2015-01-10 03:00:00",9.59
"2015-01-10 03:15:00",9.139
"2015-01-10 03:30:00",9.197
"2015-01-10 03:45:00",9.782
"2015-01-10 04:00:00",9.456
"2015-01-10 04:15:00",13.325
"2015-01-10 04:30:00",23.693
"2015-01-10 04:45:00",31.075
"2015-01-10 05:00:00",35.386
"2015-01-10 05:15:00",36.528
"2015-01-10 05:30:00",33.946
"2015-01-10 05:45:00",32.611
"2015-01-10 06:00:00",33.13
"2015-01-10 06:15:00",35.232
"2015-01-10 06:30:00",35.069
"2015-01-10 06:45:00",32.861
"2015-01-10 07:00:00",33.398
"2015-01-10 07:15:00",38.842
"2015-01-10 07:30:00",38.026
"2015-01-10 07:45:00",35.165
"2015-01-10 08:00:00",33.341
"2015-01-10 08:15:00",32.899
"2015-01-10 08:30:00",32.947
"2015-01-10 08:45:00",32.688
"2015-01-10 09:00:00",33.072
"2015-01-10 09:15:00",32.794
"2015-01-10 09:30:00",33.014
"2015-01-10 09:45:00",33.024
"2015-01-10 10:00:00",33.043
"2015-01-10 10:15:00",33.082
"2015-01-10 10:30:00",34.915
"2015-01-10 10:45:00",36.413
"2015-01-10 11:00:00",34.714
"2015-01-10 11:15:00",33.12
"2015-01-10 11:30:00",31.978
"2015-01-10 11:45:00",29.962
"2015-01-10 12:00:00",30.586
"2015-01-10 12:15:00",31.997
"2015-01-10 12:30:00",29.923
"2015-01-10 12:45:00",30.355
"2015-01-10 13:00:00",30.307
"2015-01-10 13:15:00",30.307
"2015-01-10 13:30:00",31.027
"2015-01-10 13:45:00",30.854
"2015-01-10 14:00:00",28.541
"2015-01-10 14:15:00",22.781
"2015-01-10 14:30:00",21.408
"2015-01-10 14:45:00",21.178
"2015-01-10 15:00:00",20.707
"2015-01-10 15:15:00",20.659
"2015-01-10 15:30:00",21.427
"2015-01-10 15:45:00",20.947
"2015-01-10 16:00:00",20.995
"2015-01-10 16:15:00",20.266
"2015-01-10 16:30:00",15.667
"2015-01-10 16:45:00",14.17
"2015-01-10 17:00:00",17.242
"2015-01-10 17:15:00",17.827
"2015-01-10 17:30:00",17.453
"2015-01-10 17:45:00",17.155
"2015-01-10 18:00:00",18.077
"2015-01-10 18:15:00",20.726
"2015-01-10 18:30:00",23.443
"2015-01-10 18:45:00",23.712
"2015-01-10 19:00:00",23.904
"2015-01-10 19:15:00",23.491
"2015-01-10 19:30:00",23.501
"2015-01-10 19:45:00",23.75
"2015-01-10 20:00:00",23.222
"2015-01-10 20:15:00",23.674
"2015-01-10 20:30:00",25.392
"2015-01-10 20:45:00",29.232
"2015-01-10 21:00:00",32.102
"2015-01-10 21:15:00",29.99
"2015-01-10 21:30:00",32.39
"2015-01-10 21:45:00",33.408
"2015-01-10 22:00:00",35.702
"2015-01-10 22:15:00",30.182
"2015-01-10 22:30:00",32.352
"2015-01-10 22:45:00",33.658
"2015-01-10 23:00:00",33.014
"2015-01-10 23:15:00",33.101
"2015-01-10 23:30:00",33.667
"2015-01-10 23:45:00",33.12
"2015-01-11 00:00:00",25.037
"2015-01-11 00:15:00",9.878
"2015-01-11 00:30:00",9.542
"2015-01-11 00:45:00",9.466
"2015-01-11 01:00:00",9.619
"2015-01-11 01:15:00",9.197
"2015-01-11 01:30:00",9.062
"2015-01-11 01:45:00",9.331
"2015-01-11 02:00:00",9.437
"2015-01-11 02:15:00",8.947
"2015-01-11 02:30:00",9.197
"2015-01-11 02:45:00",9.763
"2015-01-11 03:00:00",9.398
"2015-01-11 03:15:00",9.312
"2015-01-11 03:30:00",11.645
"2015-01-11 03:45:00",12.653
"2015-01-11 04:00:00",13.114
"2015-01-11 04:15:00",18.509
"2015-01-11 04:30:00",26.016
"2015-01-11 04:45:00",31.258
"2015-01-11 05:00:00",37.939
"2015-01-11 05:15:00",39.005
"2015-01-11 05:30:00",41.261
"2015-01-11 05:45:00",36.797
"2015-01-11 06:00:00",36.931
"2015-01-11 06:15:00",39.456
"2015-01-11 06:30:00",36.989
"2015-01-11 06:45:00",36.422
"2015-01-11 07:00:00",41.846
"2015-01-11 07:15:00",43.162
"2015-01-11 07:30:00",44.688
"2015-01-11 07:45:00",44.035
"2015-01-11 08:00:00",37.162
"2015-01-11 08:15:00",38.275
"2015-01-11 08:30:00",38.17
"2015-01-11 08:45:00",38.41
"2015-01-11 09:00:00",38.534
"2015-01-11 09:15:00",38.17
"2015-01-11 09:30:00",39.12
"2015-01-11 09:45:00",41.462
"2015-01-11 10:00:00",41.482
"2015-01-11 10:15:00",38.573
"2015-01-11 10:30:00",35.923
"2015-01-11 10:45:00",32.88
"2015-01-11 11:00:00",33.475
"2015-01-11 11:15:00",33.936
"2015-01-11 11:30:00",34.09
"2015-01-11 11:45:00",34.31
"2015-01-11 12:00:00",33.667
"2015-01-11 12:15:00",33.898
"2015-01-11 12:30:00",31.594
"2015-01-11 12:45:00",28.051
"2015-01-11 13:00:00",28.598
"2015-01-11 13:15:00",27.955
"2015-01-11 13:30:00",28.406
"2015-01-11 13:45:00",26.88
"2015-01-11 14:00:00",25.181
"2015-01-11 14:15:00",24.97
"2015-01-11 14:30:00",24.97
"2015-01-11 14:45:00",23.875
"2015-01-11 15:00:00",21.264
"2015-01-11 15:15:00",21.571
"2015-01-11 15:30:00",21.178
"2015-01-11 15:45:00",20.842
"2015-01-11 16:00:00",18.835
"2015-01-11 16:15:00",19.939
"2015-01-11 16:30:00",21.206
"2015-01-11 16:45:00",21.763
"2015-01-11 17:00:00",21.85
"2015-01-11 17:15:00",21.6
"2015-01-11 17:30:00",20.669
"2015-01-11 17:45:00",20.803
"2015-01-11 18:00:00",19.93
"2015-01-11 18:15:00",20.266
"2015-01-11 18:30:00",19.421
"2015-01-11 18:45:00",19.709
"2015-01-11 19:00:00",20.026
"2015-01-11 19:15:00",20.698
"2015-01-11 19:30:00",20.765
"2015-01-11 19:45:00",21.302
"2015-01-11 20:00:00",20.88
"2015-01-11 20:15:00",19.642
"2015-01-11 20:30:00",17.597
"2015-01-11 20:45:00",17.376
"2015-01-11 21:00:00",17.693
"2015-01-11 21:15:00",17.376
"2015-01-11 21:30:00",17.386
"2015-01-11 21:45:00",17.962
"2015-01-11 22:00:00",21.437
"2015-01-11 22:15:00",23.981
"2015-01-11 22:30:00",30.125
"2015-01-11 22:45:00",27.226
"2015-01-11 23:00:00",27.667
"2015-01-11 23:15:00",33.149
"2015-01-11 23:30:00",29.683
"2015-01-11 23:45:00",25.354
"2015-01-12 00:00:00",20.611
"2015-01-12 00:15:00",9.802
"2015-01-12 00:30:00",9.619
"2015-01-12 00:45:00",9.437
"2015-01-12 01:00:00",9.686
"2015-01-12 01:15:00",9.206
"2015-01-12 01:30:00",9.398
"2015-01-12 01:45:00",9.571
"2015-01-12 02:00:00",9.581
"2015-01-12 02:15:00",9.062
"2015-01-12 02:30:00",9.168
"2015-01-12 02:45:00",9.504
"2015-01-12 03:00:00",9.341
"2015-01-12 03:15:00",9.821
"2015-01-12 03:30:00",13.67
"2015-01-12 03:45:00",16.176
"2015-01-12 04:00:00",15.782
"2015-01-12 04:15:00",17.424
"2015-01-12 04:30:00",23.664
"2015-01-12 04:45:00",28.253
"2015-01-12 05:00:00",33.965
"2015-01-12 05:15:00",38.246
"2015-01-12 05:30:00",36.509
"2015-01-12 05:45:00",33.389
"2015-01-12 06:00:00",32.64
"2015-01-12 06:15:00",34.435
"2015-01-12 06:30:00",35.232
"2015-01-12 06:45:00",32.765
"2015-01-12 07:00:00",32.707
"2015-01-12 07:15:00",34.186
"2015-01-12 07:30:00",39.005
"2015-01-12 07:45:00",40.598
"2015-01-12 08:00:00",41.395
"2015-01-12 08:15:00",40.454
"2015-01-12 08:30:00",38.966
"2015-01-12 08:45:00",38.678
"2015-01-12 09:00:00",38.544
"2015-01-12 09:15:00",38.966
"2015-01-12 09:30:00",39.043
"2015-01-12 09:45:00",38.131
"2015-01-12 10:00:00",34.387
"2015-01-12 10:15:00",34.445
"2015-01-12 10:30:00",34.742
"2015-01-12 10:45:00",35.443
"2015-01-12 11:00:00",35.318
"2015-01-12 11:15:00",31.786
"2015-01-12 11:30:00",25.766
"2015-01-12 11:45:00",25.066
"2015-01-12 12:00:00",25.44
"2015-01-12 12:15:00",26.189
"2015-01-12 12:30:00",25.834
"2015-01-12 12:45:00",21.878
"2015-01-12 13:00:00",22.531
"2015-01-12 13:15:00",23.126
"2015-01-12 13:30:00",22.474
"2015-01-12 13:45:00",22.358
"2015-01-12 14:00:00",22.57
"2015-01-12 14:15:00",24.086
"2015-01-12 14:30:00",23.933
"2015-01-12 14:45:00",23.626
"2015-01-12 15:00:00",20.275
"2015-01-12 15:15:00",19.978
"2015-01-12 15:30:00",21.235
"2015-01-12 15:45:00",21.312
"2015-01-12 16:00:00",22.358
"2015-01-12 16:15:00",21.216
"2015-01-12 16:30:00",20.016
"2015-01-12 16:45:00",19.248
"2015-01-12 17:00:00",17.203
"2015-01-12 17:15:00",16.406
"2015-01-12 17:30:00",15.466
"2015-01-12 17:45:00",14.659
"2015-01-12 18:00:00",14.122
"2015-01-12 18:15:00",13.354
"2015-01-12 18:30:00",15.773
"2015-01-12 18:45:00",16.618
"2015-01-12 19:00:00",17.472
"2015-01-12 19:15:00",17.376
"2015-01-12 19:30:00",17.76
"2015-01-12 19:45:00",18.614
"2015-01-12 20:00:00",18.826
"2015-01-12 20:15:00",19.085
"2015-01-12 20:30:00",18.384
"2015-01-12 20:45:00",17.462
"2015-01-12 21:00:00",16.128
"2015-01-12 21:15:00",14.006
"2015-01-12 21:30:00",16.819
"2015-01-12 21:45:00",17.366
"2015-01-12 22:00:00",16.848
"2015-01-12 22:15:00",17.789
"2015-01-12 22:30:00",17.28
"2015-01-12 22:45:00",17.021
"2015-01-12 23:00:00",17.693
"2015-01-12 23:15:00",17.251
"2015-01-12 23:30:00",19.834
"2015-01-12 23:45:00",20.813
"2015-01-13 00:00:00",16.435
"2015-01-13 00:15:00",9.504
"2015-01-13 00:30:00",9.773
"2015-01-13 00:45:00",9.734
"2015-01-13 01:00:00",9.811
"2015-01-13 01:15:00",9.158
"2015-01-13 01:30:00",9.139
"2015-01-13 01:45:00",9.677
"2015-01-13 02:00:00",9.187
"2015-01-13 02:15:00",8.995
"2015-01-13 02:30:00",9.533
"2015-01-13 02:45:00",9.533
"2015-01-13 03:00:00",9.235
"2015-01-13 03:15:00",9.245
"2015-01-13 03:30:00",9.821
"2015-01-13 03:45:00",11.933
"2015-01-13 04:00:00",12.211
"2015-01-13 04:15:00",12.95
"2015-01-13 04:30:00",20.486
"2015-01-13 04:45:00",25.459
"2015-01-13 05:00:00",31.978
"2015-01-13 05:15:00",35.539
"2015-01-13 05:30:00",33.638
"2015-01-13 05:45:00",32.995
"2015-01-13 06:00:00",33.187
"2015-01-13 06:15:00",33.139
"2015-01-13 06:30:00",35.904
"2015-01-13 06:45:00",34.195
"2015-01-13 07:00:00",33.754
"2015-01-13 07:15:00",35.76
"2015-01-13 07:30:00",40.598
"2015-01-13 07:45:00",42.912
"2015-01-13 08:00:00",41.731
"2015-01-13 08:15:00",40.051
"2015-01-13 08:30:00",38.314
"2015-01-13 08:45:00",38.611
"2015-01-13 09:00:00",38.285
"2015-01-13 09:15:00",36.662
"2015-01-13 09:30:00",35.923
"2015-01-13 09:45:00",36.346
"2015-01-13 10:00:00",36.461
"2015-01-13 10:15:00",36.106
"2015-01-13 10:30:00",28.531
"2015-01-13 10:45:00",25.517
"2015-01-13 11:00:00",24.182
"2015-01-13 11:15:00",24.624
"2015-01-13 11:30:00",24.192
"2015-01-13 11:45:00",24.298
"2015-01-13 12:00:00",21.466
"2015-01-13 12:15:00",22.666
"2015-01-13 12:30:00",22.291
"2015-01-13 12:45:00",22.013
"2015-01-13 13:00:00",22.454
"2015-01-13 13:15:00",22.09
"2015-01-13 13:30:00",23.174
"2015-01-13 13:45:00",22.848
"2015-01-13 14:00:00",22.531
"2015-01-13 14:15:00",22.618
"2015-01-13 14:30:00",20.093
"2015-01-13 14:45:00",20.323
"2015-01-13 15:00:00",20.467
"2015-01-13 15:15:00",21.475
"2015-01-13 15:30:00",21.11
"2015-01-13 15:45:00",21.542
"2015-01-13 16:00:00",21.475
"2015-01-13 16:15:00",18.24
"2015-01-13 16:30:00",18.758
"2015-01-13 16:45:00",17.818
"2015-01-13 17:00:00",16.877
"2015-01-13 17:15:00",16.55
"2015-01-13 17:30:00",15.571
"2015-01-13 17:45:00",15.485
"2015-01-13 18:00:00",15.61
"2015-01-13 18:15:00",15.245
"2015-01-13 18:30:00",13.738
"2015-01-13 18:45:00",13.67
"2015-01-13 19:00:00",13.373
"2015-01-13 19:15:00",14.458
"2015-01-13 19:30:00",13.901
"2015-01-13 19:45:00",18.058
"2015-01-13 20:00:00",19.123
"2015-01-13 20:15:00",20.602
"2015-01-13 20:30:00",18.634
"2015-01-13 20:45:00",17.405
"2015-01-13 21:00:00",14.621
"2015-01-13 21:15:00",14.813
"2015-01-13 21:30:00",16.138
"2015-01-13 21:45:00",17.587
"2015-01-13 22:00:00",17.568
"2015-01-13 22:15:00",17.491
"2015-01-13 22:30:00",17.002
"2015-01-13 22:45:00",17.702
"2015-01-13 23:00:00",19.363
"2015-01-13 23:15:00",18.259
"2015-01-13 23:30:00",17.501
"2015-01-13 23:45:00",17.654
"2015-01-14 00:00:00",16.061
"2015-01-14 00:15:00",9.696
"2015-01-14 00:30:00",9.859
"2015-01-14 00:45:00",9.533
"2015-01-14 01:00:00",9.869
"2015-01-14 01:15:00",9.763
"2015-01-14 01:30:00",9.542
"2015-01-14 01:45:00",9.648
"2015-01-14 02:00:00",9.101
"2015-01-14 02:15:00",9.677
"2015-01-14 02:30:00",9.907
"2015-01-14 02:45:00",9.84
"2015-01-14 03:00:00",9.235
"2015-01-14 03:15:00",9.398
"2015-01-14 03:30:00",9.926
"2015-01-14 03:45:00",9.744
"2015-01-14 04:00:00",9.398
"2015-01-14 04:15:00",12.154
"2015-01-14 04:30:00",14.41
"2015-01-14 04:45:00",23.126
"2015-01-14 05:00:00",24.701
"2015-01-14 05:15:00",32.102
"2015-01-14 05:30:00",29.501
"2015-01-14 05:45:00",29.587
"2015-01-14 06:00:00",29.76
"2015-01-14 06:15:00",29.846
"2015-01-14 06:30:00",28.608
"2015-01-14 06:45:00",23.587
"2015-01-14 07:00:00",20.602
"2015-01-14 07:15:00",24.125
"2015-01-14 07:30:00",26.592
"2015-01-14 07:45:00",24.259
"2015-01-14 08:00:00",22.589
"2015-01-14 08:15:00",22.877
"2015-01-14 08:30:00",23.414
"2015-01-14 08:45:00",24.211
"2015-01-14 09:00:00",23.808
"2015-01-14 09:15:00",25.814
"2015-01-14 09:30:00",24.384
"2015-01-14 09:45:00",25.123
"2015-01-14 10:00:00",24.72
"2015-01-14 10:15:00",22.464
"2015-01-14 10:30:00",21.888
"2015-01-14 10:45:00",22.435
"2015-01-14 11:00:00",25.603
"2015-01-14 11:15:00",26.794
"2015-01-14 11:30:00",24.595
"2015-01-14 11:45:00",22.714
"2015-01-14 12:00:00",22.598
"2015-01-14 12:15:00",23.366
"2015-01-14 12:30:00",23.011
"2015-01-14 12:45:00",21.581
"2015-01-14 13:00:00",21.878
"2015-01-14 13:15:00",20.035
"2015-01-14 13:30:00",19.411
"2015-01-14 13:45:00",18.73
"2015-01-14 14:00:00",17.894
"2015-01-14 14:15:00",18.72
"2015-01-14 14:30:00",19.258
"2015-01-14 14:45:00",19.104
"2015-01-14 15:00:00",19.43
"2015-01-14 15:15:00",19.92
"2015-01-14 15:30:00",21.101
"2015-01-14 15:45:00",20.016
"2015-01-14 16:00:00",18.058
"2015-01-14 16:15:00",15.6
"2015-01-14 16:30:00",16.349
"2015-01-14 16:45:00",14.938
"2015-01-14 17:00:00",15.638
"2015-01-14 17:15:00",14.669
"2015-01-14 17:30:00",13.45
"2015-01-14 17:45:00",14.227
"2015-01-14 18:00:00",13.968
"2015-01-14 18:15:00",14.4
"2015-01-14 18:30:00",13.67
"2015-01-14 18:45:00",13.363
"2015-01-14 19:00:00",13.738
"2015-01-14 19:15:00",14.794
"2015-01-14 19:30:00",14.88
"2015-01-14 19:45:00",14.112
"2015-01-14 20:00:00",14.189
"2015-01-14 20:15:00",13.315
"2015-01-14 20:30:00",14.592
"2015-01-14 20:45:00",14.986
"2015-01-14 21:00:00",11.866
"2015-01-14 21:15:00",11.75
"2015-01-14 21:30:00",11.693
"2015-01-14 21:45:00",11.52
"2015-01-14 22:00:00",15.062
"2015-01-14 22:15:00",17.539
"2015-01-14 22:30:00",18.864
"2015-01-14 22:45:00",16.867
"2015-01-14 23:00:00",14.026
"2015-01-14 23:15:00",14.179
"2015-01-14 23:30:00",15.072
"2015-01-14 23:45:00",16.646
"2015-01-15 00:00:00",16.109
"2015-01-15 00:15:00",10.032
"2015-01-15 00:30:00",9.974
"2015-01-15 00:45:00",10.003
"2015-01-15 01:00:00",9.984
"2015-01-15 01:15:00",10.08
"2015-01-15 01:30:00",9.907
"2015-01-15 01:45:00",9.859
"2015-01-15 02:00:00",9.821
"2015-01-15 02:15:00",9.955
"2015-01-15 02:30:00",10.032
"2015-01-15 02:45:00",9.907
"2015-01-15 03:00:00",10.157
"2015-01-15 03:15:00",9.974
"2015-01-15 03:30:00",9.782
"2015-01-15 03:45:00",10.099
"2015-01-15 04:00:00",10.022
"2015-01-15 04:15:00",9.782
"2015-01-15 04:30:00",9.821
"2015-01-15 04:45:00",11.107
"2015-01-15 05:00:00",17.894
"2015-01-15 05:15:00",19.296
"2015-01-15 05:30:00",17.606
"2015-01-15 05:45:00",17.194
"2015-01-15 06:00:00",17.107
"2015-01-15 06:15:00",17.664
"2015-01-15 06:30:00",18.288
"2015-01-15 06:45:00",20.794
"2015-01-15 07:00:00",20.774
"2015-01-15 07:15:00",20.938
"2015-01-15 07:30:00",22.637
"2015-01-15 07:45:00",22.752
"2015-01-15 08:00:00",22.733
"2015-01-15 08:15:00",23.942
"2015-01-15 08:30:00",24.288
"2015-01-15 08:45:00",22.934
"2015-01-15 09:00:00",22.81
"2015-01-15 09:15:00",20.496
"2015-01-15 09:30:00",21.293
"2015-01-15 09:45:00",20.995
"2015-01-15 10:00:00",20.458
"2015-01-15 10:15:00",20.957
"2015-01-15 10:30:00",21.686
"2015-01-15 10:45:00",24.845
"2015-01-15 11:00:00",22.973
"2015-01-15 11:15:00",20.237
"2015-01-15 11:30:00",21.475
"2015-01-15 11:45:00",21.859
"2015-01-15 12:00:00",19.171
"2015-01-15 12:15:00",19.584
"2015-01-15 12:30:00",19.93
"2015-01-15 12:45:00",19.2
"2015-01-15 13:00:00",17.837
"2015-01-15 13:15:00",18.797
"2015-01-15 13:30:00",19.325
"2015-01-15 13:45:00",18.96
"2015-01-15 14:00:00",20.112
"2015-01-15 14:15:00",21.264
"2015-01-15 14:30:00",21.408
"2015-01-15 14:45:00",21.197
"2015-01-15 15:00:00",21.197
"2015-01-15 15:15:00",21.082
"2015-01-15 15:30:00",21.562
"2015-01-15 15:45:00",22.291
"2015-01-15 16:00:00",21.782
"2015-01-15 16:15:00",21.6
"2015-01-15 16:30:00",23.501
"2015-01-15 16:45:00",19.786
"2015-01-15 17:00:00",21.629
"2015-01-15 17:15:00",19.699
"2015-01-15 17:30:00",19.718
"2015-01-15 17:45:00",20.448
"2015-01-15 18:00:00",16.589
"2015-01-15 18:15:00",15.523
"2015-01-15 18:30:00",13.766
"2015-01-15 18:45:00",13.488
"2015-01-15 19:00:00",11.424
"2015-01-15 19:15:00",11.875
"2015-01-15 19:30:00",11.856
"2015-01-15 19:45:00",12.125
"2015-01-15 20:00:00",12.077
"2015-01-15 20:15:00",11.203
"2015-01-15 20:30:00",15.437
"2015-01-15 20:45:00",17.395
"2015-01-15 21:00:00",17.645
"2015-01-15 21:15:00",17.683
"2015-01-15 21:30:00",17.606
"2015-01-15 21:45:00",15.37
"2015-01-15 22:00:00",13.574
"2015-01-15 22:15:00",14.659
"2015-01-15 22:30:00",15.974
"2015-01-15 22:45:00",16.694
"2015-01-15 23:00:00",17.453
"2015-01-15 23:15:00",17.309
"2015-01-15 23:30:00",15.494
"2015-01-15 23:45:00",13.834
"2015-01-16 00:00:00",20.458
"2015-01-16 00:15:00",9.437
"2015-01-16 00:30:00",9.408
"2015-01-16 00:45:00",9.322
"2015-01-16 01:00:00",9.533
"2015-01-16 01:15:00",9.264
"2015-01-16 01:30:00",8.544
"2015-01-16 01:45:00",9.331
"2015-01-16 02:00:00",9.514
"2015-01-16 02:15:00",8.861
"2015-01-16 02:30:00",9.12
"2015-01-16 02:45:00",9.446
"2015-01-16 03:00:00",9.235
"2015-01-16 03:15:00",8.717
"2015-01-16 03:30:00",9.235
"2015-01-16 03:45:00",9.427
"2015-01-16 04:00:00",11.088
"2015-01-16 04:15:00",12.134
"2015-01-16 04:30:00",13.968
"2015-01-16 04:45:00",21.571
"2015-01-16 05:00:00",27.043
"2015-01-16 05:15:00",32.506
"2015-01-16 05:30:00",29.866
"2015-01-16 05:45:00",32.016
"2015-01-16 06:00:00",30.144
"2015-01-16 06:15:00",29.981
"2015-01-16 06:30:00",34.723
"2015-01-16 06:45:00",29.126
"2015-01-16 07:00:00",29.77
"2015-01-16 07:15:00",32.016
"2015-01-16 07:30:00",28.944
"2015-01-16 07:45:00",24.854
"2015-01-16 08:00:00",24.067
"2015-01-16 08:15:00",21.648
"2015-01-16 08:30:00",20.275
"2015-01-16 08:45:00",22.982
"2015-01-16 09:00:00",22.474
"2015-01-16 09:15:00",22.786
"2015-01-16 09:30:00",23.098
"2015-01-16 09:45:00",23.645
"2015-01-16 10:00:00",23.597
"2015-01-16 10:15:00",24.739
"2015-01-16 10:30:00",27.696
"2015-01-16 10:45:00",26.602
"2015-01-16 11:00:00",26.342
"2015-01-16 11:15:00",26.371
"2015-01-16 11:30:00",23.789
"2015-01-16 11:45:00",23.357
"2015-01-16 12:00:00",21.6
"2015-01-16 12:15:00",17.626
"2015-01-16 12:30:00",16.426
"2015-01-16 12:45:00",17.03
"2015-01-16 13:00:00",17.29
"2015-01-16 13:15:00",16.81
"2015-01-16 13:30:00",16.637
"2015-01-16 13:45:00",17.242
"2015-01-16 14:00:00",17.126
"2015-01-16 14:15:00",16.79
"2015-01-16 14:30:00",17.472
"2015-01-16 14:45:00",22.752
"2015-01-16 15:00:00",19.939
"2015-01-16 15:15:00",19.882
"2015-01-16 15:30:00",20.88
"2015-01-16 15:45:00",23.722
"2015-01-16 16:00:00",26.323
"2015-01-16 16:15:00",23.549
"2015-01-16 16:30:00",23.645
"2015-01-16 16:45:00",22.79
"2015-01-16 17:00:00",19.987
"2015-01-16 17:15:00",20.544
"2015-01-16 17:30:00",20.323
"2015-01-16 17:45:00",20.016
"2015-01-16 18:00:00",22.339
"2015-01-16 18:15:00",20.64
"2015-01-16 18:30:00",19.949
"2015-01-16 18:45:00",20.189
"2015-01-16 19:00:00",24.509
"2015-01-16 19:15:00",27.638
"2015-01-16 19:30:00",26.486
"2015-01-16 19:45:00",26.381
"2015-01-16 20:00:00",26.65
"2015-01-16 20:15:00",27.61
"2015-01-16 20:30:00",24.307
"2015-01-16 20:45:00",22.09
"2015-01-16 21:00:00",20.16
"2015-01-16 21:15:00",21.552
"2015-01-16 21:30:00",23.645
"2015-01-16 21:45:00",21.11
"2015-01-16 22:00:00",24.653
"2015-01-16 22:15:00",27.677
"2015-01-16 22:30:00",30.451
"2015-01-16 22:45:00",33.178
"2015-01-16 23:00:00",30.077
"2015-01-16 23:15:00",30.134
"2015-01-16 23:30:00",35.405
"2015-01-16 23:45:00",30.019
"2015-01-17 00:00:00",23.606
"2015-01-17 00:15:00",9.187
"2015-01-17 00:30:00",9.533
"2015-01-17 00:45:00",9.379
"2015-01-17 01:00:00",9.418
"2015-01-17 01:15:00",9.245
"2015-01-17 01:30:00",8.957
"2015-01-17 01:45:00",9.082
"2015-01-17 02:00:00",9.331
"2015-01-17 02:15:00",9.091
"2015-01-17 02:30:00",8.861
"2015-01-17 02:45:00",9.456
"2015-01-17 03:00:00",9.35
"2015-01-17 03:15:00",8.746
"2015-01-17 03:30:00",8.995
"2015-01-17 03:45:00",11.779
"2015-01-17 04:00:00",11.971
"2015-01-17 04:15:00",14.986
"2015-01-17 04:30:00",23.818
"2015-01-17 04:45:00",26.938
"2015-01-17 05:00:00",34.07
"2015-01-17 05:15:00",35.52
"2015-01-17 05:30:00",35.366
"2015-01-17 05:45:00",32.726
"2015-01-17 06:00:00",32.467
"2015-01-17 06:15:00",34.598
"2015-01-17 06:30:00",35.597
"2015-01-17 06:45:00",33.389
"2015-01-17 07:00:00",35.194
"2015-01-17 07:15:00",38.314
"2015-01-17 07:30:00",39.149
"2015-01-17 07:45:00",34.234
"2015-01-17 08:00:00",32.784
"2015-01-17 08:15:00",32.64
"2015-01-17 08:30:00",32.506
"2015-01-17 08:45:00",32.64
"2015-01-17 09:00:00",32.496
"2015-01-17 09:15:00",32.822
"2015-01-17 09:30:00",32.65
"2015-01-17 09:45:00",32.909
"2015-01-17 10:00:00",35.299
"2015-01-17 10:15:00",36.24
"2015-01-17 10:30:00",34.07
"2015-01-17 10:45:00",32.842
"2015-01-17 11:00:00",27.888
"2015-01-17 11:15:00",28.166
"2015-01-17 11:30:00",28.272
"2015-01-17 11:45:00",26.832
"2015-01-17 12:00:00",26.736
"2015-01-17 12:15:00",25.958
"2015-01-17 12:30:00",21.59
"2015-01-17 12:45:00",20.333
"2015-01-17 13:00:00",20.122
"2015-01-17 13:15:00",16.982
"2015-01-17 13:30:00",17.002
"2015-01-17 13:45:00",17.347
"2015-01-17 14:00:00",16.829
"2015-01-17 14:15:00",17.28
"2015-01-17 14:30:00",17.491
"2015-01-17 14:45:00",17.501
"2015-01-17 15:00:00",16.925
"2015-01-17 15:15:00",14.083
"2015-01-17 15:30:00",14.438
"2015-01-17 15:45:00",14.496
"2015-01-17 16:00:00",17.27
"2015-01-17 16:15:00",18.125
"2015-01-17 16:30:00",17.606
"2015-01-17 16:45:00",15.36
"2015-01-17 17:00:00",14.179
"2015-01-17 17:15:00",13.92
"2015-01-17 17:30:00",16.33
"2015-01-17 17:45:00",16.858
"2015-01-17 18:00:00",17.242
"2015-01-17 18:15:00",17.098
"2015-01-17 18:30:00",16.31
"2015-01-17 18:45:00",13.526
"2015-01-17 19:00:00",14.851
"2015-01-17 19:15:00",17.338
"2015-01-17 19:30:00",16.646
"2015-01-17 19:45:00",17.242
"2015-01-17 20:00:00",17.03
"2015-01-17 20:15:00",16.483
"2015-01-17 20:30:00",17.165
"2015-01-17 20:45:00",18.163
"2015-01-17 21:00:00",21.619
"2015-01-17 21:15:00",21.792
"2015-01-17 21:30:00",23.232
"2015-01-17 21:45:00",24.019
"2015-01-17 22:00:00",25.757
"2015-01-17 22:15:00",26.4
"2015-01-17 22:30:00",26.976
"2015-01-17 22:45:00",28.31
"2015-01-17 23:00:00",24.086
"2015-01-17 23:15:00",24.922
"2015-01-17 23:30:00",26.582
"2015-01-17 23:45:00",25.363
"2015-01-18 00:00:00",17.616
"2015-01-18 00:15:00",9.11
"2015-01-18 00:30:00",9.466
"2015-01-18 00:45:00",8.928
"2015-01-18 01:00:00",9.216
"2015-01-18 01:15:00",8.899
"2015-01-18 01:30:00",8.506
"2015-01-18 01:45:00",9.389
"2015-01-18 02:00:00",8.938
"2015-01-18 02:15:00",8.65
"2015-01-18 02:30:00",8.899
"2015-01-18 02:45:00",9.197
"2015-01-18 03:00:00",8.63
"2015-01-18 03:15:00",9.744
"2015-01-18 03:30:00",14.141
"2015-01-18 03:45:00",15.475
"2015-01-18 04:00:00",14.909
"2015-01-18 04:15:00",19.238
"2015-01-18 04:30:00",24.355
"2015-01-18 04:45:00",28.33
"2015-01-18 05:00:00",34.627
"2015-01-18 05:15:00",38.16
"2015-01-18 05:30:00",38.63
"2015-01-18 05:45:00",36.624
"2015-01-18 06:00:00",32.035
"2015-01-18 06:15:00",31.978
"2015-01-18 06:30:00",34.877
"2015-01-18 06:45:00",34.733
"2015-01-18 07:00:00",33.485
"2015-01-18 07:15:00",32.717
"2015-01-18 07:30:00",40.099
"2015-01-18 07:45:00",43.267
"2015-01-18 08:00:00",40.502
"2015-01-18 08:15:00",37.747
"2015-01-18 08:30:00",37.795
"2015-01-18 08:45:00",37.891
"2015-01-18 09:00:00",38.688
"2015-01-18 09:15:00",38.851
"2015-01-18 09:30:00",38.534
"2015-01-18 09:45:00",35.866
"2015-01-18 10:00:00",33.437
"2015-01-18 10:15:00",33.024
"2015-01-18 10:30:00",33.158
"2015-01-18 10:45:00",30.931
"2015-01-18 11:00:00",28.128
"2015-01-18 11:15:00",26.486
"2015-01-18 11:30:00",27.139
"2015-01-18 11:45:00",27.072
"2015-01-18 12:00:00",26.89
"2015-01-18 12:15:00",26.774
"2015-01-18 12:30:00",24.029
"2015-01-18 12:45:00",23.222
"2015-01-18 13:00:00",23.808
"2015-01-18 13:15:00",22.675
"2015-01-18 13:30:00",21.062
"2015-01-18 13:45:00",19.997
"2015-01-18 14:00:00",20.832
"2015-01-18 14:15:00",21.331
"2015-01-18 14:30:00",21.37
"2015-01-18 14:45:00",22.234
"2015-01-18 15:00:00",21.581
"2015-01-18 15:15:00",22.771
"2015-01-18 15:30:00",23.232
"2015-01-18 15:45:00",23.952
"2015-01-18 16:00:00",23.952
"2015-01-18 16:15:00",23.664
"2015-01-18 16:30:00",22.435
"2015-01-18 16:45:00",22.733
"2015-01-18 17:00:00",20.64
"2015-01-18 17:15:00",19.066
"2015-01-18 17:30:00",18.797
"2015-01-18 17:45:00",17.75
"2015-01-18 18:00:00",17.702
"2015-01-18 18:15:00",16.186
"2015-01-18 18:30:00",16.838
"2015-01-18 18:45:00",15.706
"2015-01-18 19:00:00",16.646
"2015-01-18 19:15:00",17.568
"2015-01-18 19:30:00",19.939
"2015-01-18 19:45:00",19.843
"2015-01-18 20:00:00",20.17
"2015-01-18 20:15:00",18.413
"2015-01-18 20:30:00",16.32
"2015-01-18 20:45:00",14.63
"2015-01-18 21:00:00",16.349
"2015-01-18 21:15:00",16.896
"2015-01-18 21:30:00",17.52
"2015-01-18 21:45:00",17.722
"2015-01-18 22:00:00",17.453
"2015-01-18 22:15:00",18.211
"2015-01-18 22:30:00",19.19
"2015-01-18 22:45:00",19.123
"2015-01-18 23:00:00",20.928
"2015-01-18 23:15:00",20.314
"2015-01-18 23:30:00",22.762
"2015-01-18 23:45:00",20.698
"2015-01-19 00:00:00",15.101
"2015-01-19 00:15:00",9.552
"2015-01-19 00:30:00",9.686
"2015-01-19 00:45:00",9.715
"2015-01-19 01:00:00",9.706
"2015-01-19 01:15:00",9.754
"2015-01-19 01:30:00",9.226
"2015-01-19 01:45:00",9.014
"2015-01-19 02:00:00",9.552
"2015-01-19 02:15:00",9.418
"2015-01-19 02:30:00",8.89
"2015-01-19 02:45:00",9.648
"2015-01-19 03:00:00",9.706
"2015-01-19 03:15:00",9.149
"2015-01-19 03:30:00",9.034
"2015-01-19 03:45:00",9.619
"2015-01-19 04:00:00",12.442
"2015-01-19 04:15:00",12.499
"2015-01-19 04:30:00",20.918
"2015-01-19 04:45:00",25.968
"2015-01-19 05:00:00",32.218
"2015-01-19 05:15:00",32.621
"2015-01-19 05:30:00",31.123
"2015-01-19 05:45:00",32.64
"2015-01-19 06:00:00",29.981
"2015-01-19 06:15:00",32.582
"2015-01-19 06:30:00",30.115
"2015-01-19 06:45:00",28.454
"2015-01-19 07:00:00",27.629
"2015-01-19 07:15:00",35.011
"2015-01-19 07:30:00",27.581
"2015-01-19 07:45:00",25.277
"2015-01-19 08:00:00",25.402
"2015-01-19 08:15:00",25.123
"2015-01-19 08:30:00",25.718
"2015-01-19 08:45:00",24.336
"2015-01-19 09:00:00",22.829
"2015-01-19 09:15:00",23.443
"2015-01-19 09:30:00",24.566
"2015-01-19 09:45:00",24.23
"2015-01-19 10:00:00",23.107
"2015-01-19 10:15:00",23.53
"2015-01-19 10:30:00",20.87
"2015-01-19 10:45:00",20.544
"2015-01-19 11:00:00",20.63
"2015-01-19 11:15:00",21.552
"2015-01-19 11:30:00",22.714
"2015-01-19 11:45:00",23.309
"2015-01-19 12:00:00",19.824
"2015-01-19 12:15:00",21.629
"2015-01-19 12:30:00",21.936
"2015-01-19 12:45:00",21.235
"2015-01-19 13:00:00",18.922
"2015-01-19 13:15:00",18.125
"2015-01-19 13:30:00",18.451
"2015-01-19 13:45:00",18.374
"2015-01-19 14:00:00",18.643
"2015-01-19 14:15:00",19.037
"2015-01-19 14:30:00",20.544
"2015-01-19 14:45:00",20.861
"2015-01-19 15:00:00",19.565
"2015-01-19 15:15:00",20.17
"2015-01-19 15:30:00",20.026
"2015-01-19 15:45:00",19.19
"2015-01-19 16:00:00",20.093
"2015-01-19 16:15:00",17.203
"2015-01-19 16:30:00",16.531
"2015-01-19 16:45:00",15.235
"2015-01-19 17:00:00",15.427
"2015-01-19 17:15:00",15.754
"2015-01-19 17:30:00",15.888
"2015-01-19 17:45:00",13.622
"2015-01-19 18:00:00",13.306
"2015-01-19 18:15:00",13.555
"2015-01-19 18:30:00",13.373
"2015-01-19 18:45:00",12.49
"2015-01-19 19:00:00",14.006
"2015-01-19 19:15:00",14.986
"2015-01-19 19:30:00",14.813
"2015-01-19 19:45:00",14.333
"2015-01-19 20:00:00",13.123
"2015-01-19 20:15:00",13.373
"2015-01-19 20:30:00",14.381
"2015-01-19 20:45:00",14.794
"2015-01-19 21:00:00",15.946
"2015-01-19 21:15:00",18.01
"2015-01-19 21:30:00",16.771
"2015-01-19 21:45:00",14.371
"2015-01-19 22:00:00",15.034
"2015-01-19 22:15:00",14.659
"2015-01-19 22:30:00",16.195
"2015-01-19 22:45:00",17.789
"2015-01-19 23:00:00",18.173
"2015-01-19 23:15:00",15.456
"2015-01-19 23:30:00",14.41
"2015-01-19 23:45:00",15.091
"2015-01-20 00:00:00",12.998
"2015-01-20 00:15:00",9.523
"2015-01-20 00:30:00",9.533
"2015-01-20 00:45:00",9.581
"2015-01-20 01:00:00",9.638
"2015-01-20 01:15:00",9.59
"2015-01-20 01:30:00",9.514
"2015-01-20 01:45:00",9.331
"2015-01-20 02:00:00",8.87
"2015-01-20 02:15:00",8.938
"2015-01-20 02:30:00",9.35
"2015-01-20 02:45:00",9.494
"2015-01-20 03:00:00",9.504
"2015-01-20 03:15:00",9.053
"2015-01-20 03:30:00",8.909
"2015-01-20 03:45:00",9.677
"2015-01-20 04:00:00",9.437
"2015-01-20 04:15:00",10.387
"2015-01-20 04:30:00",12.355
"2015-01-20 04:45:00",13.786
"2015-01-20 05:00:00",23.587
"2015-01-20 05:15:00",28.541
"2015-01-20 05:30:00",26.746
"2015-01-20 05:45:00",26.966
"2015-01-20 06:00:00",26.813
"2015-01-20 06:15:00",25.594
"2015-01-20 06:30:00",20.918
"2015-01-20 06:45:00",20.976
"2015-01-20 07:00:00",20.957
"2015-01-20 07:15:00",25.018
"2015-01-20 07:30:00",26.179
"2015-01-20 07:45:00",26.15
"2015-01-20 08:00:00",26.026
"2015-01-20 08:15:00",25.853
"2015-01-20 08:30:00",27.091
"2015-01-20 08:45:00",21.878
"2015-01-20 09:00:00",20.65
"2015-01-20 09:15:00",21.715
"2015-01-20 09:30:00",21.667
"2015-01-20 09:45:00",23.942
"2015-01-20 10:00:00",24.144
"2015-01-20 10:15:00",23.798
"2015-01-20 10:30:00",21.235
"2015-01-20 10:45:00",21.13
"2015-01-20 11:00:00",21.552
"2015-01-20 11:15:00",21.667
"2015-01-20 11:30:00",23.99
"2015-01-20 11:45:00",24.586
"2015-01-20 12:00:00",23.914
"2015-01-20 12:15:00",21.878
"2015-01-20 12:30:00",21.59
"2015-01-20 12:45:00",18.816
"2015-01-20 13:00:00",17.779
"2015-01-20 13:15:00",18.355
"2015-01-20 13:30:00",19.267
"2015-01-20 13:45:00",19.296
"2015-01-20 14:00:00",18.048
"2015-01-20 14:15:00",17.75
"2015-01-20 14:30:00",17.981
"2015-01-20 14:45:00",18.144
"2015-01-20 15:00:00",17.933
"2015-01-20 15:15:00",17.414
"2015-01-20 15:30:00",16.886
"2015-01-20 15:45:00",17.885
"2015-01-20 16:00:00",18.336
"2015-01-20 16:15:00",15.322
"2015-01-20 16:30:00",13.267
"2015-01-20 16:45:00",14.39
"2015-01-20 17:00:00",14.621
"2015-01-20 17:15:00",13.622
"2015-01-20 17:30:00",13.45
"2015-01-20 17:45:00",13.277
"2015-01-20 18:00:00",13.046
"2015-01-20 18:15:00",13.056
"2015-01-20 18:30:00",12.826
"2015-01-20 18:45:00",11.99
"2015-01-20 19:00:00",12.355
"2015-01-20 19:15:00",14.813
"2015-01-20 19:30:00",14.496
"2015-01-20 19:45:00",14.122
"2015-01-20 20:00:00",14.582
"2015-01-20 20:15:00",14.006
"2015-01-20 20:30:00",12.202
"2015-01-20 20:45:00",12.038
"2015-01-20 21:00:00",11.645
"2015-01-20 21:15:00",14.688
"2015-01-20 21:30:00",14.016
"2015-01-20 21:45:00",13.786
"2015-01-20 22:00:00",14.4
"2015-01-20 22:15:00",15.014
"2015-01-20 22:30:00",14.986
"2015-01-20 22:45:00",15.12
"2015-01-20 23:00:00",16.454
"2015-01-20 23:15:00",17.818
"2015-01-20 23:30:00",16.032
"2015-01-20 23:45:00",14.851
"2015-01-21 00:00:00",20.467
"2015-01-21 00:15:00",9.898
"2015-01-21 00:30:00",9.773
"2015-01-21 00:45:00",9.629
"2015-01-21 01:00:00",9.754
"2015-01-21 01:15:00",9.619
"2015-01-21 01:30:00",9.658
"2015-01-21 01:45:00",9.802
"2015-01-21 02:00:00",9.494
"2015-01-21 02:15:00",9.562
"2015-01-21 02:30:00",9.734
"2015-01-21 02:45:00",9.581
"2015-01-21 03:00:00",9.696
"2015-01-21 03:15:00",9.648
"2015-01-21 03:30:00",9.61
"2015-01-21 03:45:00",9.725
"2015-01-21 04:00:00",9.811
"2015-01-21 04:15:00",9.504
"2015-01-21 04:30:00",9.581
"2015-01-21 04:45:00",10.166
"2015-01-21 05:00:00",14.448
"2015-01-21 05:15:00",18.173
"2015-01-21 05:30:00",17.606
"2015-01-21 05:45:00",14.88
"2015-01-21 06:00:00",15.034
"2015-01-21 06:15:00",14.832
"2015-01-21 06:30:00",16.55
"2015-01-21 06:45:00",18.326
"2015-01-21 07:00:00",18.346
"2015-01-21 07:15:00",18.317
"2015-01-21 07:30:00",18.586
"2015-01-21 07:45:00",18.922
"2015-01-21 08:00:00",20.582
"2015-01-21 08:15:00",20.755
"2015-01-21 08:30:00",19.853
"2015-01-21 08:45:00",20.467
"2015-01-21 09:00:00",21.715
"2015-01-21 09:15:00",19.123
"2015-01-21 09:30:00",19.45
"2015-01-21 09:45:00",18.739
"2015-01-21 10:00:00",19.555
"2015-01-21 10:15:00",19.642
"2015-01-21 10:30:00",19.229
"2015-01-21 10:45:00",19.411
"2015-01-21 11:00:00",19.219
"2015-01-21 11:15:00",19.603
"2015-01-21 11:30:00",19.027
"2015-01-21 11:45:00",20.438
"2015-01-21 12:00:00",21.149
"2015-01-21 12:15:00",23.203
"2015-01-21 12:30:00",21.485
"2015-01-21 12:45:00",20.362
"2015-01-21 13:00:00",20.861
"2015-01-21 13:15:00",23.635
"2015-01-21 13:30:00",21.398
"2015-01-21 13:45:00",21.542
"2015-01-21 14:00:00",20.045
"2015-01-21 14:15:00",20.582
"2015-01-21 14:30:00",21.043
"2015-01-21 14:45:00",22.55
"2015-01-21 15:00:00",21.091
"2015-01-21 15:15:00",20.899
"2015-01-21 15:30:00",20.333
"2015-01-21 15:45:00",20.122
"2015-01-21 16:00:00",19.814
"2015-01-21 16:15:00",16.81
"2015-01-21 16:30:00",14.371
"2015-01-21 16:45:00",14.266
"2015-01-21 17:00:00",14.861
"2015-01-21 17:15:00",13.728
"2015-01-21 17:30:00",13.277
"2015-01-21 17:45:00",13.603
"2015-01-21 18:00:00",13.91
"2015-01-21 18:15:00",14.717
"2015-01-21 18:30:00",16.598
"2015-01-21 18:45:00",17.242
"2015-01-21 19:00:00",17.722
"2015-01-21 19:15:00",17.558
"2015-01-21 19:30:00",17.376
"2015-01-21 19:45:00",17.28
"2015-01-21 20:00:00",18.614
"2015-01-21 20:15:00",17.549
"2015-01-21 20:30:00",18.163
"2015-01-21 20:45:00",17.184
"2015-01-21 21:00:00",17.002
"2015-01-21 21:15:00",17.174
"2015-01-21 21:30:00",24.643
"2015-01-21 21:45:00",20.966
"2015-01-21 22:00:00",23.462
"2015-01-21 22:15:00",21.226
"2015-01-21 22:30:00",20.765
"2015-01-21 22:45:00",24.97
"2015-01-21 23:00:00",25.43
"2015-01-21 23:15:00",20.976
"2015-01-21 23:30:00",23.779
"2015-01-21 23:45:00",24.912
"2015-01-22 00:00:00",23.414
"2015-01-22 00:15:00",9.514
"2015-01-22 00:30:00",9.619
"2015-01-22 00:45:00",9.658
"2015-01-22 01:00:00",9.082
"2015-01-22 01:15:00",8.899
"2015-01-22 01:30:00",9.466
"2015-01-22 01:45:00",9.312
"2015-01-22 02:00:00",9.149
"2015-01-22 02:15:00",9.408
"2015-01-22 02:30:00",9.293
"2015-01-22 02:45:00",8.966
"2015-01-22 03:00:00",9.264
"2015-01-22 03:15:00",9.494
"2015-01-22 03:30:00",8.947
"2015-01-22 03:45:00",9.35
"2015-01-22 04:00:00",9.37
"2015-01-22 04:15:00",15.552
"2015-01-22 04:30:00",24.95
"2015-01-22 04:45:00",32.582
"2015-01-22 05:00:00",37.814
"2015-01-22 05:15:00",39.178
"2015-01-22 05:30:00",39.235
"2015-01-22 05:45:00",39.37
"2015-01-22 06:00:00",37.997
"2015-01-22 06:15:00",36.365
"2015-01-22 06:30:00",38.045
"2015-01-22 06:45:00",39.773
"2015-01-22 07:00:00",39.619
"2015-01-22 07:15:00",40.051
"2015-01-22 07:30:00",39.235
"2015-01-22 07:45:00",39.936
"2015-01-22 08:00:00",40.762
"2015-01-22 08:15:00",39.408
"2015-01-22 08:30:00",39.475
"2015-01-22 08:45:00",42.326
"2015-01-22 09:00:00",45.226
"2015-01-22 09:15:00",41.328
"2015-01-22 09:30:00",35.693
"2015-01-22 09:45:00",37.949
"2015-01-22 10:00:00",39.878
"2015-01-22 10:15:00",40.138
"2015-01-22 10:30:00",38.141
"2015-01-22 10:45:00",36.816
"2015-01-22 11:00:00",31.978
"2015-01-22 11:15:00",30.662
"2015-01-22 11:30:00",31.258
"2015-01-22 11:45:00",31.142
"2015-01-22 12:00:00",30.394
"2015-01-22 12:15:00",29.654
"2015-01-22 12:30:00",28.138
"2015-01-22 12:45:00",27.043
"2015-01-22 13:00:00",27.6
"2015-01-22 13:15:00",28.8
"2015-01-22 13:30:00",27.437
"2015-01-22 13:45:00",28.118
"2015-01-22 14:00:00",28.09
"2015-01-22 14:15:00",27.907
"2015-01-22 14:30:00",28.022
"2015-01-22 14:45:00",28.234
"2015-01-22 15:00:00",25.104
"2015-01-22 15:15:00",22.915
"2015-01-22 15:30:00",21.936
"2015-01-22 15:45:00",19.094
"2015-01-22 16:00:00",18.096
"2015-01-22 16:15:00",20.237
"2015-01-22 16:30:00",20.918
"2015-01-22 16:45:00",20.813
"2015-01-22 17:00:00",21.197
"2015-01-22 17:15:00",21.245
"2015-01-22 17:30:00",20.515
"2015-01-22 17:45:00",20.198
"2015-01-22 18:00:00",19.498
"2015-01-22 18:15:00",19.171
"2015-01-22 18:30:00",19.757
"2015-01-22 18:45:00",19.507
"2015-01-22 19:00:00",19.901
"2015-01-22 19:15:00",22.906
"2015-01-22 19:30:00",27.101
"2015-01-22 19:45:00",30.259
"2015-01-22 20:00:00",28.982
"2015-01-22 20:15:00",29.098
"2015-01-22 20:30:00",29.712
"2015-01-22 20:45:00",33.139
"2015-01-22 21:00:00",31.824
"2015-01-22 21:15:00",34.138
"2015-01-22 21:30:00",29.606
"2015-01-22 21:45:00",28.944
"2015-01-22 22:00:00",28.109
"2015-01-22 22:15:00",27.907
"2015-01-22 22:30:00",30.682
"2015-01-22 22:45:00",27.514
"2015-01-22 23:00:00",25.459
"2015-01-22 23:15:00",30.922
"2015-01-22 23:30:00",31.123
"2015-01-22 23:45:00",31.296
"2015-01-23 00:00:00",19.718
"2015-01-23 00:15:00",8.928
"2015-01-23 00:30:00",9.302
"2015-01-23 00:45:00",8.736
"2015-01-23 01:00:00",9.034
"2015-01-23 01:15:00",9.475
"2015-01-23 01:30:00",8.64
"2015-01-23 01:45:00",8.352
"2015-01-23 02:00:00",8.986
"2015-01-23 02:15:00",8.506
"2015-01-23 02:30:00",8.678
"2015-01-23 02:45:00",8.803
"2015-01-23 03:00:00",8.813
"2015-01-23 03:15:00",9.648
"2015-01-23 03:30:00",11.971
"2015-01-23 03:45:00",11.99
"2015-01-23 04:00:00",16.608
"2015-01-23 04:15:00",23.165
"2015-01-23 04:30:00",25.834
"2015-01-23 04:45:00",37.517
"2015-01-23 05:00:00",42.922
"2015-01-23 05:15:00",46.358
"2015-01-23 05:30:00",48.326
"2015-01-23 05:45:00",48.259
"2015-01-23 06:00:00",45.955
"2015-01-23 06:15:00",43.123
"2015-01-23 06:30:00",41.366
"2015-01-23 06:45:00",39.398
"2015-01-23 07:00:00",39.427
"2015-01-23 07:15:00",42.23
"2015-01-23 07:30:00",44.765
"2015-01-23 07:45:00",43.69
"2015-01-23 08:00:00",42.662
"2015-01-23 08:15:00",42.682
"2015-01-23 08:30:00",43.066
"2015-01-23 08:45:00",39.802
"2015-01-23 09:00:00",39.946
"2015-01-23 09:15:00",39.773
"2015-01-23 09:30:00",35.568
"2015-01-23 09:45:00",33.648
"2015-01-23 10:00:00",33.12
"2015-01-23 10:15:00",33.178
"2015-01-23 10:30:00",33.696
"2015-01-23 10:45:00",33.965
"2015-01-23 11:00:00",33.936
"2015-01-23 11:15:00",32.688
"2015-01-23 11:30:00",31.219
"2015-01-23 11:45:00",33.811
"2015-01-23 12:00:00",30.874
"2015-01-23 12:15:00",31.21
"2015-01-23 12:30:00",31.027
"2015-01-23 12:45:00",28.032
"2015-01-23 13:00:00",28.214
"2015-01-23 13:15:00",26.966
"2015-01-23 13:30:00",22.666
"2015-01-23 13:45:00",20.736
"2015-01-23 14:00:00",20.256
"2015-01-23 14:15:00",18.931
"2015-01-23 14:30:00",17.549
"2015-01-23 14:45:00",17.184
"2015-01-23 15:00:00",16.762
"2015-01-23 15:15:00",15.139
"2015-01-23 15:30:00",14.006
"2015-01-23 15:45:00",14.16
"2015-01-23 16:00:00",16.003
"2015-01-23 16:15:00",17.338
"2015-01-23 16:30:00",17.395
"2015-01-23 16:45:00",14.544
"2015-01-23 17:00:00",15.379
"2015-01-23 17:15:00",15.293
"2015-01-23 17:30:00",14.131
"2015-01-23 17:45:00",17.251
"2015-01-23 18:00:00",17.107
"2015-01-23 18:15:00",16.781
"2015-01-23 18:30:00",17.299
"2015-01-23 18:45:00",16.934
"2015-01-23 19:00:00",16.973
"2015-01-23 19:15:00",18.115
"2015-01-23 19:30:00",19.997
"2015-01-23 19:45:00",20.054
"2015-01-23 20:00:00",21.274
"2015-01-23 20:15:00",29.462
"2015-01-23 20:30:00",23.645
"2015-01-23 20:45:00",23.155
"2015-01-23 21:00:00",23.808
"2015-01-23 21:15:00",29.117
"2015-01-23 21:30:00",26.467
"2015-01-23 21:45:00",26.794
"2015-01-23 22:00:00",24.586
"2015-01-23 22:15:00",26.784
"2015-01-23 22:30:00",28.426
"2015-01-23 22:45:00",26.294
"2015-01-23 23:00:00",28.013
"2015-01-23 23:15:00",29.846
"2015-01-23 23:30:00",32.006
"2015-01-23 23:45:00",29.914
"2015-01-24 00:00:00",12.125
"2015-01-24 00:15:00",8.928
"2015-01-24 00:30:00",8.832
"2015-01-24 00:45:00",8.774
"2015-01-24 01:00:00",8.602
"2015-01-24 01:15:00",8.266
"2015-01-24 01:30:00",8.688
"2015-01-24 01:45:00",9.062
"2015-01-24 02:00:00",8.275
"2015-01-24 02:15:00",8.486
"2015-01-24 02:30:00",8.813
"2015-01-24 02:45:00",8.323
"2015-01-24 03:00:00",8.429
"2015-01-24 03:15:00",10.474
"2015-01-24 03:30:00",14.784
"2015-01-24 03:45:00",14.774
"2015-01-24 04:00:00",15.254
"2015-01-24 04:15:00",22.502
"2015-01-24 04:30:00",24.547
"2015-01-24 04:45:00",32.218
"2015-01-24 05:00:00",39.014
"2015-01-24 05:15:00",41.923
"2015-01-24 05:30:00",41.856
"2015-01-24 05:45:00",41.894
"2015-01-24 06:00:00",38.256
"2015-01-24 06:15:00",35.712
"2015-01-24 06:30:00",37.699
"2015-01-24 06:45:00",38.496
"2015-01-24 07:00:00",38.65
"2015-01-24 07:15:00",34.541
"2015-01-24 07:30:00",32.486
"2015-01-24 07:45:00",37.037
"2015-01-24 08:00:00",39.062
"2015-01-24 08:15:00",36.403
"2015-01-24 08:30:00",35.741
"2015-01-24 08:45:00",34.061
"2015-01-24 09:00:00",35.866
"2015-01-24 09:15:00",38.89
"2015-01-24 09:30:00",35.645
"2015-01-24 09:45:00",32.986
"2015-01-24 10:00:00",30.096
"2015-01-24 10:15:00",29.597
"2015-01-24 10:30:00",31.19
"2015-01-24 10:45:00",29.52
"2015-01-24 11:00:00",27.235
"2015-01-24 11:15:00",25.622
"2015-01-24 11:30:00",22.954
"2015-01-24 11:45:00",20.093
"2015-01-24 12:00:00",20.947
"2015-01-24 12:15:00",20.362
"2015-01-24 12:30:00",20.448
"2015-01-24 12:45:00",17.299
"2015-01-24 13:00:00",14.947
"2015-01-24 13:15:00",14.822
"2015-01-24 13:30:00",18.115
"2015-01-24 13:45:00",15.878
"2015-01-24 14:00:00",13.565
"2015-01-24 14:15:00",14.275
"2015-01-24 14:30:00",14.323
"2015-01-24 14:45:00",14.39
"2015-01-24 15:00:00",14.39
"2015-01-24 15:15:00",15.034
"2015-01-24 15:30:00",14.16
"2015-01-24 15:45:00",14.765
"2015-01-24 16:00:00",13.968
"2015-01-24 16:15:00",11.952
"2015-01-24 16:30:00",12.662
"2015-01-24 16:45:00",13.334
"2015-01-24 17:00:00",11.846
"2015-01-24 17:15:00",12.182
"2015-01-24 17:30:00",12.365
"2015-01-24 17:45:00",10.512
"2015-01-24 18:00:00",10.858
"2015-01-24 18:15:00",11.558
"2015-01-24 18:30:00",13.181
"2015-01-24 18:45:00",13.565
"2015-01-24 19:00:00",14.266
"2015-01-24 19:15:00",14.611
"2015-01-24 19:30:00",14.026
"2015-01-24 19:45:00",15.36
"2015-01-24 20:00:00",17.328
"2015-01-24 20:15:00",15.005
"2015-01-24 20:30:00",14.458
"2015-01-24 20:45:00",13.997
"2015-01-24 21:00:00",13.507
"2015-01-24 21:15:00",14.669
"2015-01-24 21:30:00",17.866
"2015-01-24 21:45:00",16.934
"2015-01-24 22:00:00",13.661
"2015-01-24 22:15:00",14.362
"2015-01-24 22:30:00",14.438
"2015-01-24 22:45:00",14.448
"2015-01-24 23:00:00",16.694
"2015-01-24 23:15:00",17.338
"2015-01-24 23:30:00",15.782
"2015-01-24 23:45:00",14.045
"2015-01-25 00:00:00",10.224
"2015-01-25 00:15:00",9.158
"2015-01-25 00:30:00",9.091
"2015-01-25 00:45:00",9.034
"2015-01-25 01:00:00",9.082
"2015-01-25 01:15:00",9.024
"2015-01-25 01:30:00",9.062
"2015-01-25 01:45:00",9.235
"2015-01-25 02:00:00",8.909
"2015-01-25 02:15:00",9.11
"2015-01-25 02:30:00",9.005
"2015-01-25 02:45:00",8.957
"2015-01-25 03:00:00",9.101
"2015-01-25 03:15:00",9.178
"2015-01-25 03:30:00",8.995
"2015-01-25 03:45:00",9.197
"2015-01-25 04:00:00",8.89
"2015-01-25 04:15:00",8.266
"2015-01-25 04:30:00",8.698
"2015-01-25 04:45:00",11.318
"2015-01-25 05:00:00",18.077
"2015-01-25 05:15:00",18.816
"2015-01-25 05:30:00",17.136
"2015-01-25 05:45:00",17.405
"2015-01-25 06:00:00",18.787
"2015-01-25 06:15:00",21.706
"2015-01-25 06:30:00",21.475
"2015-01-25 06:45:00",20.563
"2015-01-25 07:00:00",19.795
"2015-01-25 07:15:00",21.206
"2015-01-25 07:30:00",24.96
"2015-01-25 07:45:00",25.507
"2015-01-25 08:00:00",23.971
"2015-01-25 08:15:00",22.531
"2015-01-25 08:30:00",22.33
"2015-01-25 08:45:00",20.006
"2015-01-25 09:00:00",20.333
"2015-01-25 09:15:00",21.725
"2015-01-25 09:30:00",21.974
"2015-01-25 09:45:00",20.64
"2015-01-25 10:00:00",20.506
"2015-01-25 10:15:00",21.706
"2015-01-25 10:30:00",21.859
"2015-01-25 10:45:00",19.882
"2015-01-25 11:00:00",18.845
"2015-01-25 11:15:00",19.843
"2015-01-25 11:30:00",19.776
"2015-01-25 11:45:00",19.728
"2015-01-25 12:00:00",19.661
"2015-01-25 12:15:00",20.477
"2015-01-25 12:30:00",19.843
"2015-01-25 12:45:00",21.101
"2015-01-25 13:00:00",23.155
"2015-01-25 13:15:00",23.242
"2015-01-25 13:30:00",22.848
"2015-01-25 13:45:00",19.795
"2015-01-25 14:00:00",19.786
"2015-01-25 14:15:00",21.168
"2015-01-25 14:30:00",22.166
"2015-01-25 14:45:00",23.664
"2015-01-25 15:00:00",21.178
"2015-01-25 15:15:00",21.12
"2015-01-25 15:30:00",21.206
"2015-01-25 15:45:00",20.141
"2015-01-25 16:00:00",21.331
"2015-01-25 16:15:00",21.523
"2015-01-25 16:30:00",18.173
"2015-01-25 16:45:00",17.539
"2015-01-25 17:00:00",15.283
"2015-01-25 17:15:00",15.178
"2015-01-25 17:30:00",15.946
"2015-01-25 17:45:00",15.6
"2015-01-25 18:00:00",14.371
"2015-01-25 18:15:00",13.939
"2015-01-25 18:30:00",14.458
"2015-01-25 18:45:00",14.573
"2015-01-25 19:00:00",13.757
"2015-01-25 19:15:00",13.008
"2015-01-25 19:30:00",13.584
"2015-01-25 19:45:00",14.813
"2015-01-25 20:00:00",14.784
"2015-01-25 20:15:00",13.891
"2015-01-25 20:30:00",12.989
"2015-01-25 20:45:00",12.346
"2015-01-25 21:00:00",12.538
"2015-01-25 21:15:00",11.923
"2015-01-25 21:30:00",11.856
"2015-01-25 21:45:00",11.462
"2015-01-25 22:00:00",11.578
"2015-01-25 22:15:00",11.654
"2015-01-25 22:30:00",11.626
"2015-01-25 22:45:00",11.654
"2015-01-25 23:00:00",11.29
"2015-01-25 23:15:00",11.491
"2015-01-25 23:30:00",12.019
"2015-01-25 23:45:00",11.184
"2015-01-26 00:00:00",22.752
"2015-01-26 00:15:00",9.59
"2015-01-26 00:30:00",9.466
"2015-01-26 00:45:00",9.533
"2015-01-26 01:00:00",9.475
"2015-01-26 01:15:00",9.523
"2015-01-26 01:30:00",9.552
"2015-01-26 01:45:00",9.485
"2015-01-26 02:00:00",9.533
"2015-01-26 02:15:00",9.658
"2015-01-26 02:30:00",9.523
"2015-01-26 02:45:00",9.494
"2015-01-26 03:00:00",9.648
"2015-01-26 03:15:00",9.552
"2015-01-26 03:30:00",9.418
"2015-01-26 03:45:00",9.504
"2015-01-26 04:00:00",9.36
"2015-01-26 04:15:00",9.418
"2015-01-26 04:30:00",9.408
"2015-01-26 04:45:00",10.051
"2015-01-26 05:00:00",12.125
"2015-01-26 05:15:00",17.722
"2015-01-26 05:30:00",17.923
"2015-01-26 05:45:00",16.435
"2015-01-26 06:00:00",14.074
"2015-01-26 06:15:00",16.253
"2015-01-26 06:30:00",18.749
"2015-01-26 06:45:00",19.584
"2015-01-26 07:00:00",20.736
"2015-01-26 07:15:00",22.416
"2015-01-26 07:30:00",25.45
"2015-01-26 07:45:00",23.136
"2015-01-26 08:00:00",22.358
"2015-01-26 08:15:00",23.136
"2015-01-26 08:30:00",26.621
"2015-01-26 08:45:00",23.693
"2015-01-26 09:00:00",24.97
"2015-01-26 09:15:00",27.773
"2015-01-26 09:30:00",24.547
"2015-01-26 09:45:00",24.259
"2015-01-26 10:00:00",23.338
"2015-01-26 10:15:00",21.418
"2015-01-26 10:30:00",21.763
"2015-01-26 10:45:00",22.378
"2015-01-26 11:00:00",22.723
"2015-01-26 11:15:00",22.358
"2015-01-26 11:30:00",25.037
"2015-01-26 11:45:00",25.776
"2015-01-26 12:00:00",24.019
"2015-01-26 12:15:00",22.234
"2015-01-26 12:30:00",22.55
"2015-01-26 12:45:00",21.946
"2015-01-26 13:00:00",22.013
"2015-01-26 13:15:00",19.642
"2015-01-26 13:30:00",18.883
"2015-01-26 13:45:00",19.949
"2015-01-26 14:00:00",22.896
"2015-01-26 14:15:00",22.262
"2015-01-26 14:30:00",19.766
"2015-01-26 14:45:00",19.056
"2015-01-26 15:00:00",23.03
"2015-01-26 15:15:00",19.862
"2015-01-26 15:30:00",19.469
"2015-01-26 15:45:00",20.006
"2015-01-26 16:00:00",21.811
"2015-01-26 16:15:00",19.44
"2015-01-26 16:30:00",19.325
"2015-01-26 16:45:00",21.379
"2015-01-26 17:00:00",24.192
"2015-01-26 17:15:00",21.581
"2015-01-26 17:30:00",22.166
"2015-01-26 17:45:00",23.971
"2015-01-26 18:00:00",22.397
"2015-01-26 18:15:00",21.206
"2015-01-26 18:30:00",22.032
"2015-01-26 18:45:00",21.274
"2015-01-26 19:00:00",19.402
"2015-01-26 19:15:00",19.776
"2015-01-26 19:30:00",23.645
"2015-01-26 19:45:00",25.603
"2015-01-26 20:00:00",21.082
"2015-01-26 20:15:00",24.605
"2015-01-26 20:30:00",23.309
"2015-01-26 20:45:00",20.938
"2015-01-26 21:00:00",26.842
"2015-01-26 21:15:00",22.762
"2015-01-26 21:30:00",21.005
"2015-01-26 21:45:00",23.779
"2015-01-26 22:00:00",22.358
"2015-01-26 22:15:00",22.522
"2015-01-26 22:30:00",25.853
"2015-01-26 22:45:00",22.445
"2015-01-26 23:00:00",21.485
"2015-01-26 23:15:00",28.32
"2015-01-26 23:30:00",30.902
"2015-01-26 23:45:00",33.254
"2015-01-27 00:00:00",23.059
"2015-01-27 00:15:00",9.37
"2015-01-27 00:30:00",9.619
"2015-01-27 00:45:00",9.6
"2015-01-27 01:00:00",9.667
"2015-01-27 01:15:00",9.734
"2015-01-27 01:30:00",9.101
"2015-01-27 01:45:00",9.331
"2015-01-27 02:00:00",9.619
"2015-01-27 02:15:00",9.322
"2015-01-27 02:30:00",9.082
"2015-01-27 02:45:00",9.715
"2015-01-27 03:00:00",9.446
"2015-01-27 03:15:00",9.053
"2015-01-27 03:30:00",9.773
"2015-01-27 03:45:00",9.398
"2015-01-27 04:00:00",8.899
"2015-01-27 04:15:00",12.374
"2015-01-27 04:30:00",27.878
"2015-01-27 04:45:00",30.509
"2015-01-27 05:00:00",37.872
"2015-01-27 05:15:00",39.158
"2015-01-27 05:30:00",39.005
"2015-01-27 05:45:00",36.566
"2015-01-27 06:00:00",36.413
"2015-01-27 06:15:00",36.211
"2015-01-27 06:30:00",38.746
"2015-01-27 06:45:00",36.701
"2015-01-27 07:00:00",37.046
"2015-01-27 07:15:00",39.446
"2015-01-27 07:30:00",40.301
"2015-01-27 07:45:00",40.157
"2015-01-27 08:00:00",39.61
"2015-01-27 08:15:00",41.971
"2015-01-27 08:30:00",40.224
"2015-01-27 08:45:00",40.55
"2015-01-27 09:00:00",40.541
"2015-01-27 09:15:00",42.778
"2015-01-27 09:30:00",37.91
"2015-01-27 09:45:00",38.438
"2015-01-27 10:00:00",37.622
"2015-01-27 10:15:00",33.37
"2015-01-27 10:30:00",35.28
"2015-01-27 10:45:00",32.342
"2015-01-27 11:00:00",29.837
"2015-01-27 11:15:00",29.347
"2015-01-27 11:30:00",29.117
"2015-01-27 11:45:00",27.005
"2015-01-27 12:00:00",26.794
"2015-01-27 12:15:00",27.293
"2015-01-27 12:30:00",26.16
"2015-01-27 12:45:00",26.64
"2015-01-27 13:00:00",27.245
"2015-01-27 13:15:00",28.435
"2015-01-27 13:30:00",28.915
"2015-01-27 13:45:00",24.048
"2015-01-27 14:00:00",25.008
"2015-01-27 14:15:00",23.414
"2015-01-27 14:30:00",23.194
"2015-01-27 14:45:00",26.736
"2015-01-27 15:00:00",28.214
"2015-01-27 15:15:00",29.875
"2015-01-27 15:30:00",30.365
"2015-01-27 15:45:00",27.946
"2015-01-27 16:00:00",27.946
"2015-01-27 16:15:00",27.706
"2015-01-27 16:30:00",21.274
"2015-01-27 16:45:00",17.213
"2015-01-27 17:00:00",16.608
"2015-01-27 17:15:00",18.768
"2015-01-27 17:30:00",18.298
"2015-01-27 17:45:00",19.862
"2015-01-27 18:00:00",23.645
"2015-01-27 18:15:00",22.08
"2015-01-27 18:30:00",23.866
"2015-01-27 18:45:00",23.501
"2015-01-27 19:00:00",25.67
"2015-01-27 19:15:00",27.955
"2015-01-27 19:30:00",28.224
"2015-01-27 19:45:00",27.658
"2015-01-27 20:00:00",28.992
"2015-01-27 20:15:00",26.467
"2015-01-27 20:30:00",29.453
"2015-01-27 20:45:00",26.659
"2015-01-27 21:00:00",25.738
"2015-01-27 21:15:00",24.835
"2015-01-27 21:30:00",26.525
"2015-01-27 21:45:00",26.275
"2015-01-27 22:00:00",24.461
"2015-01-27 22:15:00",26.074
"2015-01-27 22:30:00",28.397
"2015-01-27 22:45:00",30.384
"2015-01-27 23:00:00",34.061
"2015-01-27 23:15:00",35.194
"2015-01-27 23:30:00",31.142
"2015-01-27 23:45:00",36.672
"2015-01-28 00:00:00",15.35
"2015-01-28 00:15:00",10.272
"2015-01-28 00:30:00",10.33
"2015-01-28 00:45:00",9.917
"2015-01-28 01:00:00",9.946
"2015-01-28 01:15:00",10.435
"2015-01-28 01:30:00",9.677
"2015-01-28 01:45:00",9.514
"2015-01-28 02:00:00",10.454
"2015-01-28 02:15:00",9.821
"2015-01-28 02:30:00",9.677
"2015-01-28 02:45:00",10.118
"2015-01-28 03:00:00",9.734
"2015-01-28 03:15:00",12.298
"2015-01-28 03:30:00",16.579
"2015-01-28 03:45:00",16.301
"2015-01-28 04:00:00",21.984
"2015-01-28 04:15:00",32.362
"2015-01-28 04:30:00",36.24
"2015-01-28 04:45:00",36.682
"2015-01-28 05:00:00",39.014
"2015-01-28 05:15:00",42.576
"2015-01-28 05:30:00",46.118
"2015-01-28 05:45:00",42.163
"2015-01-28 06:00:00",40.714
"2015-01-28 06:15:00",38.39
"2015-01-28 06:30:00",41.376
"2015-01-28 06:45:00",40.55
"2015-01-28 07:00:00",39.024
"2015-01-28 07:15:00",41.347
"2015-01-28 07:30:00",45.254
"2015-01-28 07:45:00",48.211
"2015-01-28 08:00:00",45.437
"2015-01-28 08:15:00",47.28
"2015-01-28 08:30:00",45.936
"2015-01-28 08:45:00",44.554
"2015-01-28 09:00:00",42.24
"2015-01-28 09:15:00",42.461
"2015-01-28 09:30:00",44.746
"2015-01-28 09:45:00",42.768
"2015-01-28 10:00:00",39.475
"2015-01-28 10:15:00",36.518
"2015-01-28 10:30:00",37.094
"2015-01-28 10:45:00",34.762
"2015-01-28 11:00:00",33.024
"2015-01-28 11:15:00",30.758
"2015-01-28 11:30:00",29.146
"2015-01-28 11:45:00",27.379
"2015-01-28 12:00:00",25.498
"2015-01-28 12:15:00",27.6
"2015-01-28 12:30:00",27.907
"2015-01-28 12:45:00",26.006
"2015-01-28 13:00:00",25.152
"2015-01-28 13:15:00",25.517
"2015-01-28 13:30:00",25.92
"2015-01-28 13:45:00",26.179
"2015-01-28 14:00:00",26.016
"2015-01-28 14:15:00",25.603
"2015-01-28 14:30:00",24.95
"2015-01-28 14:45:00",24.173
"2015-01-28 15:00:00",21.946
"2015-01-28 15:15:00",20.486
"2015-01-28 15:30:00",18.912
"2015-01-28 15:45:00",17.923
"2015-01-28 16:00:00",17.923
"2015-01-28 16:15:00",17.482
"2015-01-28 16:30:00",17.75
"2015-01-28 16:45:00",16.637
"2015-01-28 17:00:00",15.706
"2015-01-28 17:15:00",17.213
"2015-01-28 17:30:00",15.6
"2015-01-28 17:45:00",15.494
"2015-01-28 18:00:00",15.206
"2015-01-28 18:15:00",16.253
"2015-01-28 18:30:00",14.573
"2015-01-28 18:45:00",15.686
"2015-01-28 19:00:00",14.813
"2015-01-28 19:15:00",17.645
"2015-01-28 19:30:00",18.394
"2015-01-28 19:45:00",19.181
"2015-01-28 20:00:00",21.014
"2015-01-28 20:15:00",22.704
"2015-01-28 20:30:00",22.733
"2015-01-28 20:45:00",20.765
"2015-01-28 21:00:00",22.358
"2015-01-28 21:15:00",19.68
"2015-01-28 21:30:00",20.755
"2015-01-28 21:45:00",24.106
"2015-01-28 22:00:00",23.28
"2015-01-28 22:15:00",23.213
"2015-01-28 22:30:00",22.848
"2015-01-28 22:45:00",23.405
"2015-01-28 23:00:00",26.266
"2015-01-28 23:15:00",26.275
"2015-01-28 23:30:00",23.27
"2015-01-28 23:45:00",23.894
"2015-01-29 00:00:00",15.514
"2015-01-29 00:15:00",9.283
"2015-01-29 00:30:00",9.293
"2015-01-29 00:45:00",9.37
"2015-01-29 01:00:00",8.986
"2015-01-29 01:15:00",8.774
"2015-01-29 01:30:00",8.602
"2015-01-29 01:45:00",9.274
"2015-01-29 02:00:00",8.861
"2015-01-29 02:15:00",8.592
"2015-01-29 02:30:00",8.669
"2015-01-29 02:45:00",9.053
"2015-01-29 03:00:00",8.621
"2015-01-29 03:15:00",8.746
"2015-01-29 03:30:00",9.062
"2015-01-29 03:45:00",11.328
"2015-01-29 04:00:00",11.981
"2015-01-29 04:15:00",18.701
"2015-01-29 04:30:00",29.971
"2015-01-29 04:45:00",34.982
"2015-01-29 05:00:00",40.579
"2015-01-29 05:15:00",40.253
"2015-01-29 05:30:00",37.373
"2015-01-29 05:45:00",38.918
"2015-01-29 06:00:00",39.475
"2015-01-29 06:15:00",41.578
"2015-01-29 06:30:00",39.533
"2015-01-29 06:45:00",39.226
"2015-01-29 07:00:00",36.038
"2015-01-29 07:15:00",41.338
"2015-01-29 07:30:00",40.09
"2015-01-29 07:45:00",36.749
"2015-01-29 08:00:00",37.603
"2015-01-29 08:15:00",37.632
"2015-01-29 08:30:00",40.982
"2015-01-29 08:45:00",36.048
"2015-01-29 09:00:00",28.858
"2015-01-29 09:15:00",28.08
"2015-01-29 09:30:00",28.397
"2015-01-29 09:45:00",28.138
"2015-01-29 10:00:00",28.387
"2015-01-29 10:15:00",29.242
"2015-01-29 10:30:00",28.042
"2015-01-29 10:45:00",26.198
"2015-01-29 11:00:00",26.861
"2015-01-29 11:15:00",25.738
"2015-01-29 11:30:00",25.709
"2015-01-29 11:45:00",25.795
"2015-01-29 12:00:00",23.078
"2015-01-29 12:15:00",23.117
"2015-01-29 12:30:00",19.267
"2015-01-29 12:45:00",18.394
"2015-01-29 13:00:00",20.285
"2015-01-29 13:15:00",20.602
"2015-01-29 13:30:00",21.302
"2015-01-29 13:45:00",22.771
"2015-01-29 14:00:00",20.554
"2015-01-29 14:15:00",23.539
"2015-01-29 14:30:00",23.424
"2015-01-29 14:45:00",23.443
"2015-01-29 15:00:00",23.366
"2015-01-29 15:15:00",22.733
"2015-01-29 15:30:00",23.606
"2015-01-29 15:45:00",23.232
"2015-01-29 16:00:00",21.888
"2015-01-29 16:15:00",23.222
"2015-01-29 16:30:00",23.626
"2015-01-29 16:45:00",21.091
"2015-01-29 17:00:00",17.894
"2015-01-29 17:15:00",17.318
"2015-01-29 17:30:00",17.942
"2015-01-29 17:45:00",16.445
"2015-01-29 18:00:00",14.774
"2015-01-29 18:15:00",14.429
"2015-01-29 18:30:00",14.947
"2015-01-29 18:45:00",16.243
"2015-01-29 19:00:00",12.922
"2015-01-29 19:15:00",12.634
"2015-01-29 19:30:00",12.432
"2015-01-29 19:45:00",12.662
"2015-01-29 20:00:00",12.73
"2015-01-29 20:15:00",14.611
"2015-01-29 20:30:00",20.342
"2015-01-29 20:45:00",18.49
"2015-01-29 21:00:00",16.646
"2015-01-29 21:15:00",13.162
"2015-01-29 21:30:00",14.63
"2015-01-29 21:45:00",19.891
"2015-01-29 22:00:00",19.229
"2015-01-29 22:15:00",18.634
"2015-01-29 22:30:00",19.085
"2015-01-29 22:45:00",18.653
"2015-01-29 23:00:00",19.104
"2015-01-29 23:15:00",20.669
"2015-01-29 23:30:00",20.045
"2015-01-29 23:45:00",20.678
"2015-01-30 00:00:00",12.422
"2015-01-30 00:15:00",9.12
"2015-01-30 00:30:00",9.043
"2015-01-30 00:45:00",9.206
"2015-01-30 01:00:00",9.12
"2015-01-30 01:15:00",9.322
"2015-01-30 01:30:00",9.245
"2015-01-30 01:45:00",9.11
"2015-01-30 02:00:00",9.226
"2015-01-30 02:15:00",9.139
"2015-01-30 02:30:00",9.149
"2015-01-30 02:45:00",9.302
"2015-01-30 03:00:00",8.986
"2015-01-30 03:15:00",8.573
"2015-01-30 03:30:00",8.986
"2015-01-30 03:45:00",9.024
"2015-01-30 04:00:00",9.091
"2015-01-30 04:15:00",9.178
"2015-01-30 04:30:00",11.29
"2015-01-30 04:45:00",18.451
"2015-01-30 05:00:00",28.08
"2015-01-30 05:15:00",28.31
"2015-01-30 05:30:00",27.706
"2015-01-30 05:45:00",23.443
"2015-01-30 06:00:00",23.04
"2015-01-30 06:15:00",24.864
"2015-01-30 06:30:00",23.165
"2015-01-30 06:45:00",21.658
"2015-01-30 07:00:00",22.406
"2015-01-30 07:15:00",20.419
"2015-01-30 07:30:00",23.654
"2015-01-30 07:45:00",23.299
"2015-01-30 08:00:00",22.282
"2015-01-30 08:15:00",21.61
"2015-01-30 08:30:00",23.798
"2015-01-30 08:45:00",21.744
"2015-01-30 09:00:00",21.398
"2015-01-30 09:15:00",19.104
"2015-01-30 09:30:00",19.354
"2015-01-30 09:45:00",19.92
"2015-01-30 10:00:00",21.59
"2015-01-30 10:15:00",21.139
"2015-01-30 10:30:00",19.229
"2015-01-30 10:45:00",19.978
"2015-01-30 11:00:00",19.066
"2015-01-30 11:15:00",19.21
"2015-01-30 11:30:00",16.877
"2015-01-30 11:45:00",16.003
"2015-01-30 12:00:00",15.61
"2015-01-30 12:15:00",11.174
"2015-01-30 12:30:00",11.779
"2015-01-30 12:45:00",12.634
"2015-01-30 13:00:00",13.402
"2015-01-30 13:15:00",15.062
"2015-01-30 13:30:00",15.312
"2015-01-30 13:45:00",13.843
"2015-01-30 14:00:00",13.728
"2015-01-30 14:15:00",14.198
"2015-01-30 14:30:00",14.803
"2015-01-30 14:45:00",14.621
"2015-01-30 15:00:00",15.168
"2015-01-30 15:15:00",15.715
"2015-01-30 15:30:00",14.525
"2015-01-30 15:45:00",13.622
"2015-01-30 16:00:00",16.915
"2015-01-30 16:15:00",15.149
"2015-01-30 16:30:00",14.861
"2015-01-30 16:45:00",15.725
"2015-01-30 17:00:00",15.053
"2015-01-30 17:15:00",14.438
"2015-01-30 17:30:00",13.91
"2015-01-30 17:45:00",13.459
"2015-01-30 18:00:00",13.44
"2015-01-30 18:15:00",13.43
"2015-01-30 18:30:00",12.835
"2015-01-30 18:45:00",12.998
"2015-01-30 19:00:00",12.096
"2015-01-30 19:15:00",11.962
"2015-01-30 19:30:00",11.558
"2015-01-30 19:45:00",10.502
"2015-01-30 20:00:00",12.864
"2015-01-30 20:15:00",16.445
"2015-01-30 20:30:00",17.808
"2015-01-30 20:45:00",15.014
"2015-01-30 21:00:00",15.322
"2015-01-30 21:15:00",16.176
"2015-01-30 21:30:00",16.973
"2015-01-30 21:45:00",18.576
"2015-01-30 22:00:00",19.018
"2015-01-30 22:15:00",18.806
"2015-01-30 22:30:00",19.978
"2015-01-30 22:45:00",20.371
"2015-01-30 23:00:00",19.622
"2015-01-30 23:15:00",19.459
"2015-01-30 23:30:00",19.517
"2015-01-30 23:45:00",16.925
"2015-01-31 00:00:00",10.886
"2015-01-31 00:15:00",9.466
"2015-01-31 00:30:00",9.494
"2015-01-31 00:45:00",9.494
"2015-01-31 01:00:00",9.571
"2015-01-31 01:15:00",9.35
"2015-01-31 01:30:00",9.533
"2015-01-31 01:45:00",9.437
"2015-01-31 02:00:00",9.475
"2015-01-31 02:15:00",9.6
"2015-01-31 02:30:00",9.456
"2015-01-31 02:45:00",9.523
"2015-01-31 03:00:00",9.667
"2015-01-31 03:15:00",9.542
"2015-01-31 03:30:00",9.494
"2015-01-31 03:45:00",9.523
"2015-01-31 04:00:00",9.293
"2015-01-31 04:15:00",9.562
"2015-01-31 04:30:00",9.475
"2015-01-31 04:45:00",11.952
"2015-01-31 05:00:00",17.654
"2015-01-31 05:15:00",21.533
"2015-01-31 05:30:00",21.466
"2015-01-31 05:45:00",18.595
"2015-01-31 06:00:00",16.406
"2015-01-31 06:15:00",15.869
"2015-01-31 06:30:00",15.187
"2015-01-31 06:45:00",17.261
"2015-01-31 07:00:00",16.598
"2015-01-31 07:15:00",19.248
"2015-01-31 07:30:00",18.144
"2015-01-31 07:45:00",17.568
"2015-01-31 08:00:00",18.125
"2015-01-31 08:15:00",17.952
"2015-01-31 08:30:00",15.322
"2015-01-31 08:45:00",15.178
"2015-01-31 09:00:00",16.09
"2015-01-31 09:15:00",18.96
"2015-01-31 09:30:00",17.856
"2015-01-31 09:45:00",12.883
"2015-01-31 10:00:00",11.798
"2015-01-31 10:15:00",11.722
"2015-01-31 10:30:00",12.816
"2015-01-31 10:45:00",13.574
"2015-01-31 11:00:00",12.634
"2015-01-31 11:15:00",14.928
"2015-01-31 11:30:00",14.861
"2015-01-31 11:45:00",13.2
"2015-01-31 12:00:00",12.278
"2015-01-31 12:15:00",12.672
"2015-01-31 12:30:00",14.63
"2015-01-31 12:45:00",14.861
"2015-01-31 13:00:00",15.072
"2015-01-31 13:15:00",16.704
"2015-01-31 13:30:00",16.234
"2015-01-31 13:45:00",14.419
"2015-01-31 14:00:00",16.205
"2015-01-31 14:15:00",16.906
"2015-01-31 14:30:00",17.914
"2015-01-31 14:45:00",17.078
"2015-01-31 15:00:00",17.443
"2015-01-31 15:15:00",17.635
"2015-01-31 15:30:00",17.203
"2015-01-31 15:45:00",16.589
"2015-01-31 16:00:00",17.05
"2015-01-31 16:15:00",15.082
"2015-01-31 16:30:00",16.445
"2015-01-31 16:45:00",16.675
"2015-01-31 17:00:00",14.909
"2015-01-31 17:15:00",15.965
"2015-01-31 17:30:00",15.878
"2015-01-31 17:45:00",15.283
"2015-01-31 18:00:00",16.118
"2015-01-31 18:15:00",15.706
"2015-01-31 18:30:00",13.546
"2015-01-31 18:45:00",13.085
"2015-01-31 19:00:00",12.307
"2015-01-31 19:15:00",12.086
"2015-01-31 19:30:00",12.883
"2015-01-31 19:45:00",14.131
"2015-01-31 20:00:00",14.064
"2015-01-31 20:15:00",12.835
"2015-01-31 20:30:00",13.267
"2015-01-31 20:45:00",15.667
"2015-01-31 21:00:00",15.984
"2015-01-31 21:15:00",16.032
"2015-01-31 21:30:00",15.782
"2015-01-31 21:45:00",16.483
"2015-01-31 22:00:00",16.666
"2015-01-31 22:15:00",16.128
"2015-01-31 22:30:00",12.413
"2015-01-31 22:45:00",14.093
"2015-01-31 23:00:00",12.72
"2015-01-31 23:15:00",10.637
"2015-01-31 23:30:00",11.203
"2015-01-31 23:45:00",11.712
